FID,ID,NAME,ST_ABBREV,TC_ID,Shape_Leng,OBJECTID,Mean_am_T_,Mean_am_HI,Mean_p2_T_,Mean_p2_HI,Mean_ev_T_,Mean_ev_HI,Shape__Area,Shape__Length
1,25017342400,250173424.00,MA,1,1561.64307152,1,76.4829737345,77.751982371,91.4875920614,96.1149635315,85.9629910787,91.1298611959,7041.68823242188,1561.64307148569
2,25017350103,250173501.03,MA,2,3873.24532695,2,76.9199236854,78.1482196097,92.1177609977,97.1425571765,85.9837571484,91.7142994768,62339.3889160156,3873.24532691878
3,25017350104,250173501.04,MA,3,363.457910157,3,76.8289680481,77.9925632477,91.6433238983,96.9596328735,86.0014419556,91.8610553741,4886.5849609375,363.457910146947
4,25017351403,250173514.03,MA,4,1893.66474801,4,76.6545504866,77.8775019152,91.7679974786,97.1971724938,86.5336019582,91.889831543,29708.6750488281,1893.66474799724
5,25017351404,250173514.04,MA,5,186.413186668,5,76.9308573405,78.1286061605,92.1160761515,96.6539433797,85.9934844971,91.2926661174,1499.3759765625,186.413186667344
6,25017351500,250173515.00,MA,6,4424.8624091,6,77.1266322889,78.4216930992,91.9757630198,96.5141930831,85.5077157272,90.4485766762,24299.9194335938,4424.86240908439
7,25017352101,250173521.01,MA,7,3641.94678092,7,76.9585051998,78.2101760372,92.6123142858,97.8212285196,86.5068876205,91.8290304369,35344.4072265625,3641.9467809122
8,25017352102,250173521.02,MA,8,632.63131946,8,77.0204137166,78.3036448161,91.8300857544,97.9062525431,86.4795583089,91.0671374003,7235.95922851563,632.631319441397
9,25017373100,250173731.00,MA,9,1200.02224814,9,74.7234438942,76.0063058762,90.762147086,96.8118213472,83.1178850446,89.0967287336,19428.7960205078,1200.02224812206
10,25017373500,250173735.00,MA,10,5691.82172482,10,73.8582026742,75.1700713418,89.9626853249,96.2316624035,82.9243269834,88.7380185561,45778.9851074219,5691.82172481463
11,25017373600,250173736.00,MA,11,8004.81278506,11,73.7241812717,75.0046342143,89.0072009483,93.2596212666,82.5995303379,87.3344931442,94081.2886962891,8004.81278504837
12,25017373900,250173739.00,MA,12,209.383173338,12,0,0,0,0,0,0,807.397216796875,209.383173333049
13,25021400100,250214001.00,MA,13,7197.09948907,13,75.4350669675,76.5985274896,91.7511543956,95.985020149,84.475984961,89.3274986453,139507.802490234,7197.09948907444
14,25021400200,250214002.00,MA,14,4162.28037634,14,75.5816919897,76.7280424044,92.5852748326,97.1203912512,86.334971044,90.9430117917,84384.1335449219,4162.28037636986
15,25021400300,250214003.00,MA,15,4273.02346851,15,75.938451206,77.0575215957,91.5753122218,95.4571225783,85.5557650398,90.2237355849,38143.2326660156,4273.02346849164
16,25021400400,250214004.00,MA,16,4957.2320031,16,74.46073699,75.6674414873,91.9016683102,96.7412602901,83.9851857424,88.7549784184,63728.771484375,4957.23200307842
17,25021400600,250214006.00,MA,17,5088.2804738,17,74.2604861259,75.6398472786,91.0304882526,96.5611841679,83.6118652821,88.6419670582,49946.3356933594,5088.28047382724
18,25021400800,250214008.00,MA,18,113.638054564,18,0,0,0,0,0,0,281.37841796875,113.638054552029
19,25021400900,250214009.00,MA,19,83.3473167187,19,0,0,0,0,0,0,70.609619140625,83.3473167186718
20,25021401000,250214010.00,MA,20,790.56788667,20,72.8734111786,74.1115837097,89.6405715942,94.395154953,82.7367134094,87.4047470093,4693.76708984375,790.567886661061
21,25021401100,250214011.00,MA,21,6538.83678722,21,73.0676119935,74.3831007714,90.22275992,95.9914100497,82.6195057888,86.0891330195,55649.8662109375,6538.83678721622
22,25021401200,250214012.00,MA,22,6694.6109106,22,72.6523465096,73.9576464714,89.1163794335,94.7834320068,82.0393475472,85.4984638945,57163.1251220703,6694.61091057063
23,25021402101,250214021.01,MA,23,413.388469524,23,75.0826721191,76.6759719849,90.6970405579,95.6507911682,83.7739562988,89.6963386536,1977.3857421875,413.388469524233
24,25021402102,250214021.02,MA,24,15444.9541699,24,73.35665182,74.6691054507,90.0184278735,95.8782679899,82.9715659186,88.2264818577,207145.978393555,15444.9541698964
25,25021402200,250214022.00,MA,25,4114.37495243,25,74.4719092186,75.8101942996,91.3062169501,96.7561416626,84.9957929571,90.1434576156,49781.7197265625,4114.37495247503
26,25021402300,250214023.00,MA,26,1273.62608232,26,0,0,0,0,0,0,2265.78186035156,1273.62608232326
27,25021415300,250214153.00,MA,27,397.512102872,27,0,0,0,0,0,0,1662.50671386719,397.512102897582
28,25021416102,250214161.02,MA,28,9532.08925717,28,72.9733942504,74.2831344604,89.2994939332,95.7410965786,82.1760169409,86.8381149128,92207.1030273438,9532.08925729851
29,25021416200,250214162.00,MA,29,1450.24775408,29,74.7694656372,76.128024292,89.6417724609,96.2451065063,82.0507736206,87.4653633118,10964.072265625,1450.24775405623
30,25021416300,250214163.00,MA,30,422.699991411,30,75.920560201,77.2824350993,90.593866984,97.2355651855,82.5155512492,87.8728688558,1534.23828125,422.699991453974
31,25025000100,250250001.00,MA,31,28287.3348264,31,74.7509780806,75.9591489191,91.7390178698,96.1788019024,85.0871155115,89.9240776291,19302776.9753418,28287.3348264044
32,25025000201,250250002.01,MA,32,13219.4779897,32,74.3961308534,75.6424149814,91.1934604409,95.731265633,84.4042112731,89.220134173,6442026.98461914,13219.4779897183
33,25025000202,250250002.02,MA,33,12710.5731589,33,74.4397536708,75.6738604763,91.3825552518,95.9391248883,84.7542432678,89.7025696047,6477637.28588867,12710.5731588799
34,25025000301,250250003.01,MA,34,12111.3652766,34,74.1530272509,75.3890664781,90.731866454,95.3682297777,83.7523598945,88.7093192779,6134396.81884766,12111.3652765722
35,25025000302,250250003.02,MA,35,12304.7081034,35,73.9314973947,75.2762204021,90.3415827594,96.113685361,83.572467947,89.1487612276,6824006.05224609,12304.7081034298
36,25025000401,250250004.01,MA,36,9441.80114055,36,74.4984104916,75.7257438571,91.6063069785,95.9140570181,84.6310594135,89.5307105435,4645739.11523438,9441.80114055742
37,25025000402,250250004.02,MA,37,11943.5459775,37,74.1415559491,75.3847597464,90.6301607392,95.3520352932,83.9164536174,88.8013643696,8668933.12841797,11943.5459774569
38,25025000502,250250005.02,MA,38,18610.0789545,38,73.9547925718,75.2536131342,89.5330075089,93.6921237481,83.2446553987,87.7351213567,12644291.15271,18610.0789544195
39,25025000503,250250005.03,MA,39,5864.83367576,39,74.4190687468,75.6488894329,89.8458059425,93.7936606394,83.6332645579,88.4797876037,1510759.32128906,5864.83367573999
40,25025000504,250250005.04,MA,40,10614.8703783,40,74.5760193666,75.7741938696,91.1965142068,95.7451793991,83.8194427303,88.5966247474,3499846.78955078,10614.8703782978
41,25025000601,250250006.01,MA,41,15514.1645196,41,74.874058044,76.0388193223,91.9688132137,96.5478966979,84.909436571,89.779445206,5326571.8527832,15514.1645195875
42,25025000602,250250006.02,MA,42,12135.6527507,42,75.1262586438,76.2081737569,91.8186710508,96.2902867084,84.9998443957,89.940522539,6456163.81274414,12135.6527507207
43,25025000701,250250007.01,MA,43,7123.31604782,43,74.8719070757,76.0616966992,91.0597236754,95.1757111428,84.1909545053,89.1874561159,2448016.71240234,7123.31604781587
44,25025000703,250250007.03,MA,44,7503.25285952,44,76.0250277968,77.1471889743,92.3896237741,96.250403855,85.4020472954,90.1516590129,1909898.00341797,7503.25285950829
45,25025000704,250250007.04,MA,45,7045.133987,45,75.7140054183,76.8922046716,91.9975980517,95.9652225657,85.1099103782,90.0203149385,2565711.26171875,7045.13398702528
46,25025000802,250250008.02,MA,46,21298.840657,46,76.1451060456,77.2956245121,92.209560666,96.451710418,85.021881625,90.1197061937,10452126.829834,21298.8406571103
47,25025000803,250250008.03,MA,47,24769.8972686,47,75.7675152416,76.919738242,91.7943744526,96.0028056018,85.1663038929,90.0866908841,12580971.5402832,24769.8972685947
48,25025010103,250250101.03,MA,48,9842.70959724,48,75.8741811581,77.0813357756,91.8855627698,96.7587492892,85.3930982795,90.214684258,2943542.47143555,9842.70959719858
49,25025010104,250250101.04,MA,49,9778.16260163,49,75.71242773,76.9404816294,91.5299085101,96.7286152235,86.5638235846,91.7197139609,3087757.12817383,9778.16260162
50,25025010203,250250102.03,MA,50,11331.4056478,50,75.9503640935,77.1959592218,91.9656604485,96.5614117076,85.2561045001,90.3158574039,3938852.28271484,11331.4056478719
51,25025010204,250250102.04,MA,51,7660.05891642,51,74.816418488,76.0400448855,92.0251511173,96.4038390051,85.7810853138,90.4254696228,2704951.71557617,7660.05891641551
52,25025010300,250250103.00,MA,52,12396.4834726,52,75.4240530815,76.5691464293,91.753387707,95.6832230568,84.8432114858,89.676937083,5449353.29882813,12396.4834726284
53,25025010403,250250104.03,MA,53,4210.15376822,53,76.8949809058,78.1780510601,92.4926400179,97.4689723486,85.4426572532,91.4212477281,943981.657714844,4210.15376823013
54,25025010404,250250104.04,MA,54,5346.2542865,54,76.4541005937,77.6459225301,92.1173251649,96.1700927602,84.9929772469,90.1417905524,1490930.65356445,5346.25428648807
55,25025010405,250250104.05,MA,55,14817.5163818,55,75.9177085887,77.0957943847,91.5557666313,95.3433999039,84.995318254,90.1720324083,3936418.82446289,14817.5163817937
56,25025010408,250250104.08,MA,56,2738.39689578,56,75.850825104,76.9020331575,92.4279243487,96.9783091357,85.0296464464,89.8314376973,460378.049316406,2738.39689576843
57,25025010500,250250105.00,MA,57,6652.27678712,57,77.0360257069,78.327748672,92.7895969213,97.6081492287,85.3167963125,91.2324723714,2115498.41699219,6652.27678714463
58,25025010600,250250106.00,MA,58,10199.4964238,58,77.3305885961,78.5784496764,92.3739124949,97.6186205267,85.5798704522,91.478638658,3635937.89794922,10199.4964238396
59,25025010701,250250107.01,MA,59,7228.98771513,59,76.0751697477,77.3345298243,91.7625038851,96.8682498726,86.1302394287,91.4476372491,2193352.48681641,7228.98771515683
60,25025010702,250250107.02,MA,60,7865.28250839,60,76.4336471406,77.6908355571,91.822821168,97.0741803675,85.7409661537,91.3379521894,3242869.10498047,7865.2825083905
61,25025010801,250250108.01,MA,61,6199.24597775,61,76.6318144463,77.9376243284,91.5722039576,97.7181578036,87.2300099988,92.9920859574,1366484.84960938,6199.24597776726
62,25025010802,250250108.02,MA,62,6448.27842624,62,75.959105153,77.3635392876,91.3984456662,96.9476780646,87.0344409707,92.5763839672,1654960.32666016,6448.27842624886
63,25025020101,250250201.01,MA,63,8009.84853867,63,76.8469614521,78.0316065785,92.2294818133,98.0008615439,86.2592427141,91.8151969089,2383713.00756836,8009.84853869239
64,25025020200,250250202.00,MA,64,5368.26838483,64,76.5804201176,77.8010020484,91.9391584692,97.3376035986,86.094167161,91.5809333398,1297981.15698242,5368.26838488242
65,25025020301,250250203.01,MA,65,10504.2540416,65,76.4003768896,77.6746843003,91.3056459842,96.0747752597,86.0951821455,91.1117088207,2672881.36108398,10504.2540415356
66,25025020302,250250203.02,MA,66,4016.8223142,66,76.8059109158,78.0933294558,92.338002084,97.2024921791,86.3243739309,91.8656409868,824885.489746094,4016.82231420369
67,25025020303,250250203.03,MA,67,14066.7273981,67,76.28760651,77.6317107457,90.9793565188,95.4050387504,86.6106246083,91.5018189245,4673981.46191406,14066.7273981635
68,25025030100,250250301.00,MA,68,4070.36686237,68,76.5956420315,77.8904142829,92.0595048261,97.7209277596,86.2044750335,91.3587123118,842280.485595703,4070.3668623432
69,25025030200,250250302.00,MA,69,4501.08151179,69,76.7974225622,78.0719573134,91.4273846604,96.419810618,86.5297612108,91.7053398313,683252.783447266,4501.08151179357
70,25025030300,250250303.00,MA,70,22873.8230884,70,76.4802036186,77.7976215456,91.6727021114,96.5162885465,86.4986395722,91.655940559,7400148.57348633,22873.8230884969
71,25025030400,250250304.00,MA,71,6138.4321049,71,76.5970729321,77.9004009782,92.109702325,97.311339966,86.2616356361,91.3201007139,1170052.49316406,6138.43210491313
72,25025030500,250250305.00,MA,72,13992.6953755,72,76.0309734957,77.4314629142,91.6844744973,97.0845512441,86.2821802243,91.5566872167,1975109.1809082,13992.6953753675
73,25025040100,250250401.00,MA,73,8906.59327213,73,76.5377532008,77.7920781348,91.9672555056,96.9679048054,85.9047216756,91.4193762627,2752933.92700195,8906.59327214586
74,25025040200,250250402.00,MA,74,7240.93962855,74,76.3386342961,77.6038064229,91.5480070228,96.7463148903,85.6618695643,91.2624376483,1530175.76538086,7240.93962858036
75,25025040300,250250403.00,MA,75,9829.25495384,75,76.5344079009,77.7745457375,92.159105415,97.2877869212,85.873532518,91.6994321122,3020378.29077148,9829.254953813
76,25025040401,250250404.01,MA,76,15172.8824914,76,76.7586374113,77.9984591014,92.6521017879,97.8524459093,86.2050765745,91.6518263946,4602095.92773438,15172.8824913819
77,25025040600,250250406.00,MA,77,36500.5724357,77,76.584658813,77.8672560112,91.8717281071,96.8985777815,85.9681254831,91.2261296189,15287236.1882324,36500.5724356331
78,25025040801,250250408.01,MA,78,40462.814853,78,75.9779798141,77.2515744095,91.6388614676,96.8319035693,85.7332521216,91.1228492126,9671724.37280273,40462.8148529035
79,25025050101,250250501.01,MA,79,12668.4396539,79,75.7557464311,77.0134279793,91.4200782653,96.6331526137,86.2332455883,91.7741014043,3048957.68261719,12668.4396538764
80,25025050200,250250502.00,MA,80,9616.06075905,80,76.2156817493,77.4742959148,91.6466579651,96.6623110492,86.1488248239,91.6398633991,2599617.74804688,9616.06075903805
81,25025050300,250250503.00,MA,81,17973.3051634,81,75.7012630768,76.9908898203,91.5572575844,96.7964104603,85.6078728265,90.9648460984,3465762.8984375,17973.3051632814
82,25025050400,250250504.00,MA,82,5538.53296069,82,76.0810990176,77.3952737898,91.4952732358,96.8758669814,85.754394379,91.2532417022,1402123.49975586,5538.53296066283
83,25025050500,250250505.00,MA,83,4516.0266163,83,76.6610585513,77.9129341548,91.8614994036,97.0522421009,86.0428963302,91.5975950036,1241595.39916992,4516.02661629805
84,25025050600,250250506.00,MA,84,6444.85322329,84,76.4292074836,77.7013360489,91.680507189,96.9574579463,85.9938128089,91.5765604919,1819237.09790039,6444.8532232971
85,25025050700,250250507.00,MA,85,8628.78474141,85,76.7513079958,78.0276107732,92.1535609124,97.377591895,86.1135961656,91.5533749322,2926548.05224609,8628.7847413676
86,25025050901,250250509.01,MA,86,19024.992637,86,76.5428393539,77.8121409133,91.8566408757,96.8804209361,85.9987784067,91.2922007613,6388765.40185547,19024.9926369862
87,25025051000,250250510.00,MA,87,22131.8871905,87,76.28717005,77.5170948858,91.5953683403,96.6623347727,85.327912021,90.6255235007,11167156.6181641,22131.8871905026
88,25025051101,250250511.01,MA,88,27755.4425354,88,75.4840357915,76.6866738915,91.4903155026,96.6051457653,85.1741458272,90.3411217353,12581615.6525879,27755.4425352826
89,25025051200,250250512.00,MA,89,21063.295014,89,76.1289497053,77.4191043682,91.3871115389,96.7995982532,85.4887909695,90.7753173284,4077715.72314453,21063.2950139683
90,25025060101,250250601.01,MA,90,8273.67567713,90,76.0037037993,77.255037036,91.2647643458,96.6477725677,84.9191429444,90.5284397741,3190226.25146484,8273.67567712762
91,25025060200,250250602.00,MA,91,7547.34138989,91,75.9483286406,77.2185136892,90.9536325618,96.3451597678,84.4972458554,90.2401994125,1838924.21313477,7547.34138989375
92,25025060301,250250603.01,MA,92,8953.38891951,92,76.1337394714,77.3748272487,91.4946169227,96.6769462984,85.1770586259,90.9878067006,2937606.70581055,8953.3889195385
93,25025060400,250250604.00,MA,93,9447.6002487,93,76.1407625002,77.3610286833,91.6392263526,96.9774420083,85.2085287642,90.8800693607,4283823.73364258,9447.600248713
94,25025060501,250250605.01,MA,94,11531.8359557,94,76.37170456,77.5899677369,92.2150397025,97.5178397926,86.0405921108,91.6428622923,4441380.32226563,11531.835955725
95,25025060600,250250606.00,MA,95,32372.2134967,95,76.5632520604,77.9198616776,92.352182313,97.8283681363,86.7950738693,91.878892025,13222109.7973633,32372.2134968518
96,25025060700,250250607.00,MA,96,4787.3344985,96,76.2767362868,77.5117498831,92.2809421844,97.5824848823,87.0022833908,92.2094275132,1391164.7199707,4787.33449852245
97,25025060800,250250608.00,MA,97,9407.37005178,97,75.9740885137,77.2006967028,92.3333934474,97.3364397547,86.7097491977,92.1454457249,3663378.27758789,9407.37005176439
98,25025061000,250250610.00,MA,98,6043.41939942,98,76.2159060076,77.4603088536,91.9309778082,96.7327311717,85.9229155899,91.4817992263,1884313.67016602,6043.41939940448
99,25025061101,250250611.01,MA,99,6845.91696687,99,75.8800095739,76.9649854494,92.2214723502,96.712438896,85.6949377996,90.6485854294,1789458.2800293,6845.91696685567
100,25025061200,250250612.00,MA,100,25462.865792,100,76.8362218418,78.0925841984,92.3787250346,97.3309999534,86.456888475,91.7801137034,19804132.3417969,25462.8657920039
101,25025070101,250250701.01,MA,101,17765.2466081,101,77.2112459556,78.7043354798,93.0391629712,98.5077471814,86.9624551974,92.233919831,10964656.635498,17765.246608112
102,25025070200,250250702.00,MA,102,7723.89806777,102,76.9959029236,78.3025095397,92.8067811736,97.9865661816,86.5789159988,91.7712509602,2866761.82910156,7723.89806777284
103,25025070300,250250703.00,MA,103,9329.25474233,103,77.0583398492,78.3340026037,92.9813000334,97.8482797023,86.2926771116,91.8195304336,3616992.25878906,9329.25474232423
104,25025070402,250250704.02,MA,104,7577.76068042,104,77.3709572478,78.7686153618,93.6257169585,99.3397642878,87.4435987078,92.780593909,2885023.97094727,7577.76068042385
105,25025070500,250250705.00,MA,105,9294.10517094,105,76.6332257993,77.9388434719,93.6419342505,99.3715087504,86.3821579959,91.8661521009,3187224.80834961,9294.10517090624
106,25025070600,250250706.00,MA,106,5723.61563316,106,76.7463240274,78.066403678,94.0741480267,99.5772709403,86.3612375526,92.0345736307,1417903.67529297,5723.61563316216
107,25025070700,250250707.00,MA,107,7313.51902853,107,76.7977953405,78.0856731524,92.63980184,97.2708027475,85.7000954694,91.4877631773,1768326.84912109,7313.51902857874
108,25025070800,250250708.00,MA,108,6150.21065388,108,76.5993243127,77.888079425,93.2415634148,98.0230176893,85.6150587903,91.2789862818,2115387.66552734,6150.21065386573
109,25025070900,250250709.00,MA,109,5697.74333817,109,76.3986777319,77.6901421928,93.6704004073,99.4271958535,85.7581840098,91.3945360625,1794757.82910156,5697.74333818869
110,25025071101,250250711.01,MA,110,9398.26177537,110,77.0517932842,78.3266464292,92.6750996629,98.2793785383,85.9764962123,91.3285810233,3932365.83276367,9398.26177537335
111,25025071201,250250712.01,MA,111,11174.9114542,111,76.9984305833,78.2916092772,92.4861649716,98.2096925003,86.2370038126,91.5393323304,4335045.97924805,11174.9114541979
112,25025080100,250250801.00,MA,112,18519.5629499,112,77.3933708669,78.7058071512,92.3226386791,97.2382070392,85.1005682432,90.3953579207,11098072.6494141,18519.5629499394
113,25025080300,250250803.00,MA,113,8446.68956904,113,76.2515108623,77.4416605954,91.9471172307,96.6615517113,84.7362977926,89.9043161764,2871226.97192383,8446.68956903221
114,25025080401,250250804.01,MA,114,12614.8129211,114,76.4563415503,77.6106506681,91.9240166704,96.0600568922,85.0603900731,90.3457863469,4732423.73071289,12614.8129210847
115,25025080500,250250805.00,MA,115,8302.0620466,115,76.1889774938,77.3277769628,91.6282059391,95.7045508439,84.9765241749,90.2343794114,2623445.60888672,8302.06204659516
116,25025080601,250250806.01,MA,116,17159.6991494,116,75.6126833616,76.7739200684,91.6403101377,95.8356580531,85.0741824827,90.2997164219,6016313.72753906,17159.6991493305
117,25025080801,250250808.01,MA,117,8069.83055379,117,75.5848702187,76.750671273,91.6248726736,95.3602826684,85.0604293469,90.1171869272,3894605.7019043,8069.83055381861
118,25025080900,250250809.00,MA,118,8162.35044183,118,75.3698518695,76.5427313083,92.0486092312,96.4228382236,84.7938562273,89.6404790197,2794807.99145508,8162.35044182298
119,25025081001,250250810.01,MA,119,17139.4025822,119,74.8412645904,76.0159581603,91.8120457551,95.714233557,84.9126027607,89.6020198139,6014355.81347656,17139.4025820902
120,25025081100,250250811.00,MA,120,15831.5929229,120,74.1483431824,75.436189476,91.3399276887,95.8376363568,85.1540854329,90.0820460751,5343880.19848633,15831.5929228681
121,25025081200,250250812.00,MA,121,8009.16702357,121,74.2053137697,75.4760105005,91.721015731,96.4705568102,85.0352937836,89.913474162,3045681.4140625,8009.1670235118
122,25025081300,250250813.00,MA,122,13416.3529582,122,74.6964490684,75.9554234694,92.1115785379,97.2441621867,85.225595562,90.1455432879,6183418.04931641,13416.3529581803
123,25025081400,250250814.00,MA,123,14900.0721409,123,74.6463741775,75.9208585596,91.8770297705,96.8266379075,84.8533157809,89.9090619378,6696564.11865234,14900.0721408799
124,25025081500,250250815.00,MA,124,11646.3921104,124,74.4795776399,75.786380274,91.6727780662,96.614687453,85.3849030855,90.3566808248,3625425.53613281,11646.3921103918
125,25025081700,250250817.00,MA,125,11630.0151018,125,74.7419179148,76.0135787629,91.7639178592,96.703348633,85.1192307496,90.1461589505,6819314.82543945,11630.0151018161
126,25025081800,250250818.00,MA,126,10170.0471682,126,74.8224312281,76.1064852773,91.5158401522,96.2898696662,84.7237104145,89.6796629005,4019556.66992188,10170.0471682157
127,25025081900,250250819.00,MA,127,11667.1101509,127,74.7010420075,75.98921779,91.5956181932,96.4203835452,84.91918768,90.0065581993,4652563.06054688,11667.1101508335
128,25025082000,250250820.00,MA,128,8531.55809673,128,74.8090193827,76.088662193,91.1673474102,95.8232459371,84.9824358528,89.977361977,4220816.68505859,8531.55809671225
129,25025082100,250250821.00,MA,129,8466.62342425,129,74.768135377,76.0367328771,91.7030365385,96.5525262664,84.5280546978,89.8950119923,3993523.00244141,8466.62342424858
130,25025090100,250250901.00,MA,130,10535.174912,130,75.0275413084,76.2266177015,92.1699882327,96.9960445099,84.7406177223,89.9177423318,4812489.30517578,10535.1749120278
131,25025090200,250250902.00,MA,131,8051.25491514,131,74.7908442944,76.0258319527,93.179270675,98.3177329042,85.2153051154,90.0055776676,2934843.69067383,8051.25491515639
132,25025090300,250250903.00,MA,132,9056.44433846,132,74.9700202078,76.1889844857,91.6733107082,96.346368861,85.0087947313,89.8507724378,4093513.55444336,9056.44433845365
133,25025090400,250250904.00,MA,133,10192.282861,133,75.1870121149,76.4346264381,91.0527741728,95.6078774632,84.5249536097,89.5216357333,4598430.75439453,10192.2828610682
134,25025090600,250250906.00,MA,134,8958.73253954,134,75.83863776,76.9990479097,91.6764823863,96.2478598563,84.726001305,89.8157410805,3246619.75097656,8958.73253953755
135,25025090700,250250907.00,MA,135,14016.3999809,135,76.655337813,77.9483350975,92.1055252804,96.2574265984,85.1828264572,90.4263841479,11484468.4387207,14016.3999809009
136,25025090901,250250909.01,MA,136,16447.5411898,136,75.8493783359,77.0971052889,91.064364614,96.4117516073,84.6437140092,89.8800670293,12620524.6970215,16447.541189808
137,25025091001,250250910.01,MA,137,29861.9613912,137,75.83009711,77.0348049158,91.725859436,97.0079970998,85.7053934759,90.9073319659,12673230.0058594,29861.9613911531
138,25025091100,250250911.00,MA,138,9052.75393262,138,75.3725405441,76.5729761753,91.3022567785,95.4468079693,85.9562139277,90.6256035517,4564597.51953125,9052.75393264099
139,25025091200,250250912.00,MA,139,9010.80769283,139,75.4264137889,76.5768518398,91.1699065336,95.2750656666,85.7665675146,90.5731891994,3481658.37060547,9010.80769283862
140,25025091300,250250913.00,MA,140,7983.20858988,140,75.8219707304,76.9957182155,91.5900779063,95.8643261801,84.8848061705,89.9606877268,2817728.22680664,7983.20858989973
141,25025091400,250250914.00,MA,141,8352.7329964,141,74.9324642757,76.1359972018,90.9261931129,95.5406248803,84.8803918692,89.6660339872,3497984.44067383,8352.73299644096
142,25025091500,250250915.00,MA,142,9136.79064312,142,75.214709163,76.354664283,91.4303392153,95.4667051076,85.3335968541,89.9696405487,4361797.29003906,9136.79064312589
143,25025091600,250250916.00,MA,143,10140.557875,143,74.7929129657,75.9559263347,91.774648095,96.1114195335,85.8261674088,90.3621456094,3362867.07250977,10140.5578750889
144,25025091700,250250917.00,MA,144,9090.43564043,144,74.7585095196,75.9309806245,91.1982944181,95.6109957126,84.9979383967,89.8709275228,3126613.83422852,9090.43564046738
145,25025091800,250250918.00,MA,145,8910.49399324,145,74.7836012082,75.9966332246,91.8597927368,96.2441393817,85.1453370336,89.9227958983,4642756.26245117,8910.49399323202
146,25025091900,250250919.00,MA,146,9596.06635739,146,74.7186733611,75.9186188256,91.7986850456,96.143344279,84.644917691,89.5602037573,5168618.35009766,9596.06635740466
147,25025092000,250250920.00,MA,147,11673.5164425,147,74.7361986449,75.9240397235,91.9888028178,96.1235687231,85.00547195,89.9375719194,5271160.65917969,11673.5164425574
148,25025092101,250250921.01,MA,148,19506.5723821,148,75.2505301802,76.4712090124,91.6770228435,96.4241359263,85.4434679258,90.5830436721,13856297.644043,19506.5723820901
149,25025092200,250250922.00,MA,149,11229.3479516,149,74.5712972466,75.8056028354,91.8487409214,96.3305868245,84.7823955015,89.5087309219,6251856.03710938,11229.3479516199
150,25025092300,250250923.00,MA,150,7836.35775851,150,75.0211445077,76.2156628412,91.8882973768,96.3712701017,84.6842987505,89.6775079023,3653749.12915039,7836.35775850668
151,25025092400,250250924.00,MA,151,13212.2517463,151,74.6190347646,75.8902120398,91.7246750989,97.3688328796,84.6090678886,89.9278128908,6399259.59667969,13212.2517462763
152,25025100100,250251001.00,MA,152,14549.3465608,152,74.3853470611,75.676835952,91.5246012364,96.9983504421,84.8855380556,90.1591044859,11161541.7026367,14549.3465608072
153,25025100200,250251002.00,MA,153,9138.72079436,153,74.9246739007,76.1497472887,91.6016194753,96.3187315749,84.9954339376,90.2600269361,3789323.75146484,9138.72079432002
154,25025100300,250251003.00,MA,154,10615.3873968,154,75.2250524475,76.4172770333,91.8276817977,96.2481137944,84.243102602,89.3377717118,5251953.96923828,10615.3873968888
155,25025100400,250251004.00,MA,155,12175.943254,155,75.6489702099,76.8850229821,91.7229657894,96.0461316562,83.7020119833,88.7266643678,6741686.25,12175.9432540071
156,25025100500,250251005.00,MA,156,14438.5323973,156,74.7660341558,75.9555012142,92.0381404346,96.6280971867,84.3427511504,89.2364845675,9262375.33447266,14438.5323973111
157,25025100601,250251006.01,MA,157,11105.2041125,157,74.406649999,75.6180528176,91.6587132627,95.9164845479,85.082314328,89.7869517261,5951407.01904297,11105.2041124835
158,25025100603,250251006.03,MA,158,24754.6610953,158,75.875812951,76.9770495547,91.0407693437,97.0391049927,85.3949778664,90.7794938595,9455490.21582031,24754.6610952646
159,25025100700,250251007.00,MA,159,18597.2322096,159,74.3773172363,75.5980438735,90.8525166641,95.526041295,84.3274120727,88.9892494507,13027413.1699219,18597.2322096382
160,25025100800,250251008.00,MA,160,26375.7510409,160,73.99615632,75.2703020551,90.3445059504,95.081055222,83.5954352139,87.8273235964,18796609.2021484,26375.7510408277
161,25025100900,250251009.00,MA,161,21654.3424586,161,75.1738986629,76.5512431203,90.6138796891,95.905084547,83.3581461408,88.8178817449,10182097.6931152,21654.3424587023
162,25025101001,250251010.01,MA,162,20047.3998199,162,74.4461470827,75.8224284482,90.6720026049,96.4429350069,83.5548699683,89.1211059264,13940535.6188965,20047.3998199022
163,25025101002,250251010.02,MA,163,16584.1674611,163,74.9377690143,76.286676983,90.8118779747,96.0885320125,83.6853100656,89.1153426891,12542736.0273438,16584.1674611418
164,25025101101,250251011.01,MA,164,9103.55190067,164,75.0388710449,76.3218112738,91.4018413896,96.8549600481,84.20414185,89.80366872,4091154.46508789,9103.55190064709
165,25025101102,250251011.02,MA,165,13942.6299274,165,75.1746018585,76.4804716221,91.3901359382,96.38625313,84.5392193585,89.9566166872,6010927.39868164,13942.6299273276
166,25025110103,250251101.03,MA,166,23507.1843998,166,74.2832925789,75.6774889571,90.3308915849,96.3815510896,83.2837107509,89.3164725748,10061731.8706055,23507.1843998004
167,25025110201,250251102.01,MA,167,10380.8392153,167,74.3327023065,75.6538273459,91.3036725022,97.3158110384,84.1476602373,89.8356835398,3727315.29614258,10380.8392153008
168,25025110301,250251103.01,MA,168,14613.6263094,168,74.0546044023,75.3957826225,90.7050034383,96.8692129763,83.3897454192,89.2608314836,8762821.20849609,14613.6263094801
169,25025110401,250251104.01,MA,169,10462.6392447,169,74.637976351,76.0178806578,90.5171852973,95.7954336885,83.9586217175,89.6564345037,5673262.17163086,10462.6392446905
170,25025110403,250251104.03,MA,170,14400.4044581,170,73.9671433778,75.3600909652,90.7114978808,96.5059994977,83.5454270788,89.1704782924,10236586.4787598,14400.4044580668
171,25025110501,250251105.01,MA,171,11651.1409576,171,73.8232289017,75.18977394,90.4961764271,96.0688746189,83.8973819355,89.6400542113,6976254.87841797,11651.1409575906
172,25025110502,250251105.02,MA,172,12288.5690861,172,74.683463203,76.0526124174,91.1688641299,96.5132076028,84.0220017091,89.7945164074,7358443.33032227,12288.5690860464
173,25025110601,250251106.01,MA,173,16899.0539774,173,72.9397317964,74.2726410359,89.1965763398,95.1766821039,82.2024148518,86.4057504424,15213304.453125,16899.0539775019
174,25025110607,250251106.07,MA,174,20444.8514597,174,73.5987024006,74.9353281761,89.9600779293,95.5365259522,83.6557244147,89.3150081321,12627039.286377,20444.8514596606
175,25025120103,250251201.03,MA,175,7802.62389152,175,74.0581545564,75.3330865188,90.2625990192,94.655027458,83.3255501925,88.1622185795,3810294.5949707,7802.62389153894
176,25025120104,250251201.04,MA,176,8732.82962842,176,74.2808304499,75.614950397,90.6426876758,96.1837455712,83.9933394055,89.2763743777,3088887.69311523,8732.82962842821
177,25025120105,250251201.05,MA,177,25312.3525865,177,72.8522381883,74.1882392839,89.2745059032,95.2423338804,82.2341692049,86.4192999341,19840813.5625,25312.3525864926
178,25025120201,250251202.01,MA,178,12620.137607,178,74.2531156244,75.5736609107,90.3114938676,95.7568496154,84.3809266031,89.6951992023,7727993.5559082,12620.1376070461
179,25025120301,250251203.01,MA,179,13047.0186831,179,74.5446005605,75.7967455867,91.227437221,96.4415022947,84.4163004438,89.2850751281,7112651.81835938,13047.0186830817
180,25025120400,250251204.00,MA,180,18328.53399,180,73.8800466928,75.1495244966,90.4430289562,95.1392791849,84.2668483377,88.9272507226,10769804.119873,18328.5339900446
181,25025120500,250251205.00,MA,181,7670.01692923,181,74.0881546948,75.3722942661,91.3196452573,96.1712239049,84.779649772,89.5643618372,2353016.83691406,7670.0169292053
182,25025120600,250251206.00,MA,182,6542.08211954,182,73.9760686041,75.2235268158,91.0653635029,96.0169925105,84.4724593938,89.1595486865,2779474.37084961,6542.08211950598
183,25025120700,250251207.00,MA,183,10323.6210044,183,74.1036267165,75.3483921832,90.9826315137,95.6888511997,85.2092377079,90.033208572,3201418.26098633,10323.6210044082
184,25025130100,250251301.00,MA,184,34834.8206178,184,73.1212039921,74.4428036956,89.6111031752,95.6487933319,82.597024903,87.4751814296,46913218.4310303,34834.8206178431
185,25025130200,250251302.00,MA,185,17813.4046295,185,73.5252598019,74.8938359061,90.1558033062,95.8552258625,84.1844359373,89.995879599,14502975.730957,17813.4046294948
186,25025130300,250251303.00,MA,186,18095.647084,186,73.3345747051,74.6894256891,90.0234224349,95.7914195445,83.6960258595,89.2476562425,15490095.2993164,18095.6470840658
187,25025130402,250251304.02,MA,187,27772.2066524,187,74.2916489323,75.6443756602,90.7827785791,96.6286261434,83.9252593015,89.500329218,22715034.9245605,27772.206652466
188,25025130404,250251304.04,MA,188,18971.3380097,188,73.442501624,74.7711024818,90.1525481379,96.5368666787,83.0302249146,88.3147589563,17562709.0489502,18971.3380096995
189,25025130406,250251304.06,MA,189,17752.9094927,189,73.0936443914,74.4232841763,89.9001520795,95.8906950875,82.8255422485,88.2341398061,11263005.3168945,17752.9094927187
190,25025140102,250251401.02,MA,190,29417.1042205,190,73.9939168439,75.3013406168,90.5878009084,96.3485944129,83.8111389127,89.2019552597,23152955.2399902,29417.1042205368
191,25025140105,250251401.05,MA,191,14343.317443,191,73.6064015976,74.9357681682,90.0896696918,96.1420552425,82.8222255109,88.5937147023,10889643.0146484,14343.3174429963
192,25025140106,250251401.06,MA,192,7660.85856925,192,73.3764392909,74.7061341995,89.9376293919,95.9210532122,82.3827846308,87.4299176642,3048121.11987305,7660.85856924423
193,25025140107,250251401.07,MA,193,15082.5269243,193,73.839183147,75.2008892854,89.3363712719,95.4234178246,82.9172637253,88.6828075428,6771709.97167969,15082.5269242143
194,25025140201,250251402.01,MA,194,23803.4059768,194,74.2719142859,75.5319903105,90.9174547525,96.8097137744,84.1396230647,89.3715662331,15109471.7288818,23803.4059768596
195,25025140202,250251402.02,MA,195,18549.1765443,195,73.8497500714,75.2379250527,90.1076445453,96.0382975856,83.3039174892,88.8507654032,16711779.1120605,18549.1765443398
196,25025140300,250251403.00,MA,196,24193.5858876,196,74.6127625582,75.9999587193,90.446100885,96.2310327973,83.7989316594,89.6292407141,16957680.7648926,24193.5858876075
197,25025140400,250251404.00,MA,197,27566.0479288,197,74.0599367717,75.3913466231,90.5889505707,96.5767423524,83.6672169281,89.3548922077,20142170.4064941,27566.0479287952
198,25025180500,250251805.00,MA,198,1237.56534696,198,0,0,0,0,0,0,53414.2724609375,1237.56534698136
199,25025980101,250259801.01,MA,199,90042.1820063,199,77.1031553694,78.3851015574,89.4578523334,97.4589144951,83.1765211441,88.9827106576,31777504.6401367,90042.1820065514
200,25025980300,250259803.00,MA,200,21233.4797983,200,73.6720245875,74.9142850905,90.817254856,96.597621787,82.8597518734,87.5125253647,22637731.9873047,21233.4797983035
201,25025980700,250259807.00,MA,201,40742.3060337,201,72.6519849206,73.9896527852,89.066813841,95.440643733,81.0729435082,84.3699515768,31672431.871582,40742.3060337342
202,25025981000,250259810.00,MA,202,19942.3395929,202,72.8293569365,74.1358281013,89.2459905371,95.5050818088,82.32461986,87.1397583159,12192836.2836914,19942.339592859
203,25025981100,250259811.00,MA,203,30592.2775235,203,73.61540897,74.8801249478,90.4940455015,96.6272390798,82.884762905,87.9157355494,29449594.6560059,30592.2775234458
204,25025981201,250259812.01,MA,204,44601.9607495,204,76.0952442986,77.3585957631,91.2226906309,96.8252303674,84.5402716734,90.1105157853,8292867.28051758,44601.9607494436
205,25025981202,250259812.02,MA,205,52374.5629174,205,76.3017987459,77.597281996,91.9658582187,97.349583268,85.7118092201,90.8687438551,18140490.1879883,52374.5629175489
206,25025981300,250259813.00,MA,206,61169.9040607,206,76.3883336907,77.6995229807,91.6407073427,97.4051978493,85.4473253189,90.8796159016,67842141.3591309,61169.9040605887
207,25025981501,250259815.01,MA,207,89186.3243721,207,75.2477446832,76.4885064791,91.1261214728,96.2322161109,85.3013519905,90.283885996,8884743.23071289,89186.3243721422
208,25025981502,250259815.02,MA,208,13376.5215401,208,74.5369208049,75.7534702678,91.4796432277,95.92446444,85.133247077,90.008815041,4895810.88354492,13376.5215400805
209,25025981600,250259816.00,MA,209,20801.0879168,209,75.3231619318,76.5171981096,89.9580789361,95.6235512912,84.2319018396,88.5141252566,6454931.34155273,20801.0879167696
210,25025981700,250259817.00,MA,210,7926.98992513,210,76.6810611488,78.0095449564,92.3277134458,97.8388948026,86.0356252824,91.2279940343,3520801.66137695,7926.98992512933
211,25025981800,250259818.00,MA,211,42834.0824811,211,74.6750249764,75.9834604372,90.4954353064,95.2382287368,83.8468125421,87.8033705113,10957623.635498,42834.0824812284
