GEOID,countyfp20,namelsad20,statefp20,bgid,tractce20,intptlat20,funcstat20,intptlon20,blkgrpce20,mtfcc20,aland20,awater20,objectid
250250406001.00,25,Block Group 1,25,406001,40600,42.3833695,S,-71.0707743,1,G5030,1265377,413598,1
250250511011.00,25,Block Group 1,25,511011,51101,42.3882285,S,-71.0046816,1,G5030,220626,0,2
250250511014.00,25,Block Group 4,25,511014,51101,42.3913407,S,-71.0020343,4,G5030,227071,270,3
250259816001.00,25,Block Group 1,25,9816001,981600,42.3886205,S,-70.9934424,1,G5030,586981,158777,4
250250102043.00,25,Block Group 3,25,102043,10204,42.3459611,S,-71.1020344,3,G5030,145888,0,5
250250102042.00,25,Block Group 2,25,102042,10204,42.3459559,S,-71.1053251,2,G5030,67705,607,6
250251106073.00,25,Block Group 3,25,1106073,110607,42.2889047,S,-71.1310084,3,G5030,363586,0,7
250259810001.00,25,Block Group 1,25,9810001,981000,42.298882,S,-71.1267094,1,G5030,1134184,4752,8
250251201053.00,25,Block Group 3,25,1201053,120105,42.3159332,S,-71.1260125,3,G5030,530437,159,9
250250808011.00,25,Block Group 1,25,808011,80801,42.3354282,S,-71.0947649,1,G5030,196281,0,10
250250104052.00,25,Block Group 2,25,104052,10405,42.3428715,S,-71.091054,2,G5030,84520,0,11
250250107021.00,25,Block Group 1,25,107021,10702,42.3509702,S,-71.0755578,1,G5030,156192,0,12
250250107023.00,25,Block Group 3,25,107023,10702,42.3530627,S,-71.0738185,3,G5030,92414,0,13
250250107012.00,25,Block Group 2,25,107012,10701,42.3509734,S,-71.0815215,2,G5030,47170,0,14
250250108013.00,25,Block Group 3,25,108013,10801,42.3534592,S,-71.0792448,3,G5030,54335,0,15
250250107011.00,25,Block Group 1,25,107011,10701,42.3499181,S,-71.0828068,1,G5030,74123,0,16
250250104081.00,25,Block Group 1,25,104081,10408,42.3431682,S,-71.0958461,1,G5030,43381,0,17
250250203011.00,25,Block Group 1,25,203011,20301,42.3631736,S,-71.0686464,1,G5030,262787,528,18
250250404012.00,25,Block Group 2,25,404012,40401,42.3726795,S,-71.0650047,2,G5030,312222,26534,19
250250101033.00,25,Block Group 3,25,101033,10103,42.3505468,S,-71.1056095,3,G5030,145013,0,20
250250506002.00,25,Block Group 2,25,506002,50600,42.370921,S,-71.0373551,2,G5030,82932,0,21
250250910014.00,25,Block Group 4,25,910014,91001,42.3169885,S,-71.0502444,4,G5030,356523,9962,22
250250611011.00,25,Block Group 1,25,611011,61101,42.3281605,S,-71.0536555,1,G5030,49678,0,23
250250003011.00,25,Block Group 1,25,3011,301,42.3562597,S,-71.1659934,1,G5030,221956,0,24
250250108022.00,25,Block Group 2,25,108022,10802,42.3507651,S,-71.0879982,2,G5030,60427,0,25
250259807001.00,25,Block Group 1,25,9807001,980700,42.2614817,S,-71.1375704,1,G5030,2888945,53061,26
250251401061.00,25,Block Group 1,25,1401061,140106,42.2738738,S,-71.1371416,1,G5030,219472,3116,27
250250909012.00,25,Block Group 2,25,909012,90901,42.3151612,S,-71.0393475,2,G5030,900600,293189,28
250250608004.00,25,Block Group 4,25,608004,60800,42.3350438,S,-71.0536394,4,G5030,148884,0,29
250251001001.00,25,Block Group 1,25,1001001,100100,42.2914379,S,-71.0930098,1,G5030,194999,0,30
250259803001.00,25,Block Group 1,25,9803001,980300,42.3006134,S,-71.094613,1,G5030,2081297,27540,31
250250704021.00,25,Block Group 1,25,704021,70402,42.3450302,S,-71.0632552,1,G5030,121646,0,32
250251401071.00,25,Block Group 1,25,1401071,140107,42.2588236,S,-71.1278742,1,G5030,492633,0,33
250251201041.00,25,Block Group 1,25,1201041,120104,42.3078434,S,-71.1177383,1,G5030,103280,0,34
250250924004.00,25,Block Group 4,25,924004,92400,42.2952327,S,-71.0903761,4,G5030,126784,0,35
250250921013.00,25,Block Group 3,25,921013,92101,42.2991779,S,-71.0489898,3,G5030,504438,65874,36
250250511013.00,25,Block Group 3,25,511013,51101,42.3835194,S,-71.0009504,3,G5030,427080,622683,37
250251304063.00,25,Block Group 3,25,1304063,130406,42.2578187,S,-71.1583287,3,G5030,162271,0,38
250251401052.00,25,Block Group 2,25,1401052,140105,42.2658458,S,-71.1205905,2,G5030,278725,0,39
250250408013.00,25,Block Group 3,25,408013,40801,42.3748012,S,-71.0512954,3,G5030,410674,341404,40
250250910013.00,25,Block Group 3,25,910013,91001,42.3028466,S,-71.0488169,3,G5030,385092,437605,41
250259801011.00,25,Block Group 1,25,9801011,980101,42.3265116,S,-70.9390337,1,G5030,3270316,5392370,42
250250509013.00,25,Block Group 3,25,509013,50901,42.3819368,S,-71.0295001,3,G5030,325505,194140,43
250250501012.00,25,Block Group 2,25,501012,50101,42.3812116,S,-71.0412368,2,G5030,114186,184516,44
250250104043.00,25,Block Group 3,25,104043,10404,42.3432743,S,-71.0881269,3,G5030,26567,0,45
250251102011.00,25,Block Group 1,25,1102011,110201,42.280496,S,-71.1170508,1,G5030,348208,0,46
250250101043.00,25,Block Group 3,25,101043,10104,42.3483667,S,-71.0957406,3,G5030,101961,1562,47
250250814003.00,25,Block Group 3,25,814003,81400,42.327024,S,-71.089997,3,G5030,174743,0,48
250250101041.00,25,Block Group 1,25,101041,10104,42.3490327,S,-71.0905818,1,G5030,96870,2015,49
250250803001.00,25,Block Group 1,25,803001,80300,42.328689,S,-71.0769272,1,G5030,95354,0,50
250250913002.00,25,Block Group 2,25,913002,91300,42.3203514,S,-71.0683545,2,G5030,157287,0,51
250251202011.00,25,Block Group 1,25,1202011,120201,42.3047647,S,-71.1129855,1,G5030,150706,0,52
250250809002.00,25,Block Group 2,25,809002,80900,42.3311069,S,-71.1000748,2,G5030,108750,0,53
250251006032.00,25,Block Group 2,25,1006032,100603,42.2914125,S,-71.0421575,2,G5030,424653,343682,54
250251304061.00,25,Block Group 1,25,1304061,130406,42.255985,S,-71.1462285,1,G5030,239152,5879,55
250250821003.00,25,Block Group 3,25,821003,82100,42.3105669,S,-71.0890504,3,G5030,170844,0,56
250250914001.00,25,Block Group 1,25,914001,91400,42.3150386,S,-71.0686453,1,G5030,176287,0,57
250251202013.00,25,Block Group 3,25,1202013,120201,42.3031721,S,-71.1088708,3,G5030,237711,0,58
250251103011.00,25,Block Group 1,25,1103011,110301,42.2849321,S,-71.1124095,1,G5030,417075,0,59
250251201031.00,25,Block Group 1,25,1201031,120103,42.3117553,S,-71.118142,1,G5030,340186,0,60
250250808012.00,25,Block Group 2,25,808012,80801,42.3336494,S,-71.0978951,2,G5030,168609,0,61
250250511012.00,25,Block Group 2,25,511012,51101,42.390859,S,-71.0089839,2,G5030,284620,0,62
250251104035.00,25,Block Group 5,25,1104035,110403,42.2757625,S,-71.1303951,5,G5030,215734,0,63
250251401051.00,25,Block Group 1,25,1401051,140105,42.2688317,S,-71.1269385,1,G5030,730539,0,64
250251203014.00,25,Block Group 4,25,1203014,120301,42.3130397,S,-71.1040195,4,G5030,234901,0,65
250251006031.00,25,Block Group 1,25,1006031,100603,42.2905299,S,-71.0467694,1,G5030,447843,0,66
250251201052.00,25,Block Group 2,25,1201052,120105,42.3094899,S,-71.1273102,2,G5030,524140,0,67
250250408012.00,25,Block Group 2,25,408012,40801,42.382404,S,-71.0536435,2,G5030,480124,413814,68
250250910011.00,25,Block Group 1,25,910011,91001,42.3101439,S,-71.0589649,1,G5030,96905,0,69
250259817001.00,25,Block Group 1,25,9817001,981700,42.3550969,S,-71.0657367,1,G5030,313765,14973,70
250250804011.00,25,Block Group 1,25,804011,80401,42.3318157,S,-71.0793002,1,G5030,294596,0,71
250250924003.00,25,Block Group 3,25,924003,92400,42.2980546,S,-71.0841024,3,G5030,183588,0,72
250251007001.00,25,Block Group 1,25,1007001,100700,42.2869975,S,-71.0507076,1,G5030,166370,0,73
250251010015.00,25,Block Group 5,25,1010015,101001,42.2692303,S,-71.1013791,5,G5030,128096,0,74
250251008002.00,25,Block Group 2,25,1008002,100800,42.2866589,S,-71.0574365,2,G5030,136910,0,75
250250604001.00,25,Block Group 1,25,604001,60400,42.3338298,S,-71.0428563,1,G5030,82503,0,76
250250605012.00,25,Block Group 2,25,605012,60501,42.336399,S,-71.0395143,2,G5030,63781,0,77
250251009002.00,25,Block Group 2,25,1009002,100900,42.2741134,S,-71.0697725,2,G5030,136336,0,78
250250923001.00,25,Block Group 1,25,923001,92300,42.2951582,S,-71.0740083,1,G5030,107203,0,79
250251106071.00,25,Block Group 1,25,1106071,110607,42.2907944,S,-71.13624,1,G5030,154851,0,80
250250907002.00,25,Block Group 2,25,907002,90700,42.3232536,S,-71.0584818,2,G5030,106433,0,81
250250006012.00,25,Block Group 2,25,6012,601,42.3488373,S,-71.1513733,2,G5030,177210,0,82
250250202001.00,25,Block Group 1,25,202001,20200,42.3602661,S,-71.0659812,1,G5030,29549,0,83
250250818003.00,25,Block Group 3,25,818003,81800,42.3171712,S,-71.0800902,3,G5030,136701,0,84
250250003014.00,25,Block Group 4,25,3014,301,42.3510513,S,-71.1718726,4,G5030,126505,0,85
250251302002.00,25,Block Group 2,25,1302002,130200,42.2899692,S,-71.1523387,2,G5030,159939,0,86
250250102041.00,25,Block Group 1,25,102041,10204,42.3477033,S,-71.1042057,1,G5030,39817,0,87
250250502002.00,25,Block Group 2,25,502002,50200,42.3762446,S,-71.0376489,2,G5030,73449,0,88
250251203012.00,25,Block Group 2,25,1203012,120301,42.3127514,S,-71.0989754,2,G5030,81447,0,89
250250105003.00,25,Block Group 3,25,105003,10500,42.3432049,S,-71.0821105,3,G5030,35330,0,90
250250301001.00,25,Block Group 1,25,301001,30100,42.3672873,S,-71.0554744,1,G5030,44688,0,91
250250902003.00,25,Block Group 3,25,902003,90200,42.3082346,S,-71.0794732,3,G5030,116881,0,92
250251008003.00,25,Block Group 3,25,1008003,100800,42.2838155,S,-71.058039,3,G5030,136799,0,93
250250003021.00,25,Block Group 1,25,3021,302,42.3484378,S,-71.1661794,1,G5030,269292,0,94
250250003022.00,25,Block Group 2,25,3022,302,42.3452382,S,-71.1682693,2,G5030,320687,46101,95
250250922002.00,25,Block Group 2,25,922002,92200,42.2940804,S,-71.0638621,2,G5030,106856,0,96
250250711011.00,25,Block Group 1,25,711011,71101,42.3353054,S,-71.0727534,1,G5030,163106,0,97
250250810014.00,25,Block Group 4,25,810014,81001,42.3341221,S,-71.1099428,4,G5030,88077,0,98
250250005031.00,25,Block Group 1,25,5031,503,42.3407867,S,-71.1488636,1,G5030,64236,0,99
250251010011.00,25,Block Group 1,25,1010011,101001,42.2769706,S,-71.1030077,1,G5030,265948,0,100
250250104031.00,25,Block Group 1,25,104031,10403,42.344408,S,-71.0884544,1,G5030,36932,0,101
250250107022.00,25,Block Group 2,25,107022,10702,42.3522731,S,-71.0784142,2,G5030,51570,0,102
250250302001.00,25,Block Group 1,25,302001,30200,42.364664,S,-71.0561296,1,G5030,18891,0,103
250250108023.00,25,Block Group 3,25,108023,10802,42.3526821,S,-71.0825202,3,G5030,36303,0,104
250250108012.00,25,Block Group 2,25,108012,10801,42.3544092,S,-71.0764316,2,G5030,44818,0,105
250250107013.00,25,Block Group 3,25,107013,10701,42.3488056,S,-71.0862394,3,G5030,80728,0,106
250250612041.00,25,Block Group 1,25,612041,61204,42.3457244,S,-71.0532683,1,G5030,412236,57818,107
250250701042.00,25,Block Group 2,25,701042,70104,42.3552859,S,-71.0551565,2,G5030,308628,0,108
250250701043.00,25,Block Group 3,25,701043,70104,42.354661,S,-71.0601524,3,G5030,84346,0,109
250250701041.00,25,Block Group 1,25,701041,70104,42.3495228,S,-71.0560344,1,G5030,368824,69922,110
250250606041.00,25,Block Group 1,25,606041,60604,42.350768,S,-71.0384635,1,G5030,297192,596826,111
250250708021.00,25,Block Group 1,25,708021,70802,42.3409562,S,-71.0795834,1,G5030,65177,0,112
250250709021.00,25,Block Group 1,25,709021,70902,42.3383702,S,-71.0779843,1,G5030,60929,0,113
250250102062.00,25,Block Group 2,25,102062,10206,42.3471265,S,-71.0903808,2,G5030,66428,1185,114
250250606021.00,25,Block Group 1,25,606021,60602,42.3441304,S,-71.0461108,1,G5030,432113,0,115
250250606031.00,25,Block Group 1,25,606031,60603,42.3477038,S,-71.041147,1,G5030,398230,0,116
250250708022.00,25,Block Group 2,25,708022,70802,42.3424595,S,-71.0808874,2,G5030,64776,0,117
250250612021.00,25,Block Group 1,25,612021,61202,42.3387527,S,-71.0625085,1,G5030,380810,4897,118
250250606042.00,25,Block Group 2,25,606042,60604,42.3516372,S,-71.0486545,2,G5030,119125,32541,119
250250709011.00,25,Block Group 1,25,709011,70901,42.3377169,S,-71.0795662,1,G5030,57691,0,120
250250708011.00,25,Block Group 1,25,708011,70801,42.3399771,S,-71.0825322,1,G5030,61235,0,121
250250709022.00,25,Block Group 2,25,709022,70902,42.3393397,S,-71.0767967,2,G5030,49944,0,122
250250606011.00,25,Block Group 1,25,606011,60601,42.3392514,S,-71.0489604,1,G5030,140332,0,123
250250921011.00,25,Block Group 1,25,921011,92101,42.2947453,S,-71.0523099,1,G5030,186916,0,124
250250911004.00,25,Block Group 4,25,911004,91100,42.3144418,S,-71.0583414,4,G5030,70845,0,125
250250911005.00,25,Block Group 5,25,911005,91100,42.3170504,S,-71.0579446,5,G5030,66634,0,126
250250912001.00,25,Block Group 1,25,912001,91200,42.318368,S,-71.060973,1,G5030,94930,0,127
250250912002.00,25,Block Group 2,25,912002,91200,42.3147782,S,-71.0614723,2,G5030,124576,0,128
250250912003.00,25,Block Group 3,25,912003,91200,42.3163157,S,-71.0642511,3,G5030,104106,0,129
250250913001.00,25,Block Group 1,25,913001,91300,42.3193145,S,-71.0646522,1,G5030,105273,0,130
250250914002.00,25,Block Group 2,25,914002,91400,42.3155418,S,-71.0712861,2,G5030,148733,0,131
250250915001.00,25,Block Group 1,25,915001,91500,42.3126282,S,-71.0631441,1,G5030,164417,0,132
250250915002.00,25,Block Group 2,25,915002,91500,42.3112249,S,-71.0659045,2,G5030,177353,0,133
250250915003.00,25,Block Group 3,25,915003,91500,42.3092706,S,-71.0632427,3,G5030,62397,0,134
250250916001.00,25,Block Group 1,25,916001,91600,42.3063938,S,-71.064036,1,G5030,99546,0,135
250250916002.00,25,Block Group 2,25,916002,91600,42.3069292,S,-71.0607591,2,G5030,118082,0,136
250250916003.00,25,Block Group 3,25,916003,91600,42.3045567,S,-71.0587634,3,G5030,95530,0,137
250250917003.00,25,Block Group 3,25,917003,91700,42.3031036,S,-71.0692315,3,G5030,54173,0,138
250250918001.00,25,Block Group 1,25,918001,91800,42.3089845,S,-71.0685274,1,G5030,154578,0,139
250251104012.00,25,Block Group 2,25,1104012,110401,42.2847323,S,-71.1228293,2,G5030,308729,0,140
250251401062.00,25,Block Group 2,25,1401062,140106,42.2767409,S,-71.1366995,2,G5030,59365,0,141
250251402021.00,25,Block Group 1,25,1402021,140202,42.2463814,S,-71.1231108,1,G5030,238151,0,142
250259815011.00,25,Block Group 1,25,9815011,981501,42.3524288,S,-71.0878101,1,G5030,897746,1203439,143
250250918002.00,25,Block Group 2,25,918002,91800,42.3073725,S,-71.069907,2,G5030,89290,0,144
250250918003.00,25,Block Group 3,25,918003,91800,42.3060344,S,-71.0724399,3,G5030,188198,0,145
250250919001.00,25,Block Group 1,25,919001,91900,42.3034931,S,-71.0747822,1,G5030,141178,0,146
250250919003.00,25,Block Group 3,25,919003,91900,42.2996067,S,-71.0773068,3,G5030,171799,0,147
250250919004.00,25,Block Group 4,25,919004,91900,42.2977786,S,-71.074232,4,G5030,69070,0,148
250250920001.00,25,Block Group 1,25,920001,92000,42.3013031,S,-71.0630323,1,G5030,120374,0,149
250250920002.00,25,Block Group 2,25,920002,92000,42.2985129,S,-71.0674002,2,G5030,180677,0,150
250250920003.00,25,Block Group 3,25,920003,92000,42.2968863,S,-71.0717878,3,G5030,112771,0,151
250250920004.00,25,Block Group 4,25,920004,92000,42.301406,S,-71.0703352,4,G5030,75917,0,152
250250921015.00,25,Block Group 5,25,921015,92101,42.2947101,S,-71.0590446,5,G5030,212641,0,153
250250921014.00,25,Block Group 4,25,921014,92101,42.2979629,S,-71.0563418,4,G5030,227454,0,154
250250921012.00,25,Block Group 2,25,921012,92101,42.3015088,S,-71.057751,2,G5030,174658,0,155
250250922001.00,25,Block Group 1,25,922001,92200,42.2975317,S,-71.0634178,1,G5030,195405,0,156
250250201014.00,25,Block Group 4,25,201014,20101,42.3588625,S,-71.0686802,4,G5030,45474,0,157
250250103001.00,25,Block Group 1,25,103001,10300,42.3384725,S,-71.0964949,1,G5030,146682,0,158
250250103002.00,25,Block Group 2,25,103002,10300,42.3398082,S,-71.1039946,2,G5030,360526,0,159
250250104032.00,25,Block Group 2,25,104032,10403,42.3461749,S,-71.0885321,2,G5030,25354,0,160
250250104051.00,25,Block Group 1,25,104051,10405,42.3385335,S,-71.0898717,1,G5030,240401,0,161
250250104053.00,25,Block Group 3,25,104053,10405,42.3415212,S,-71.0848532,3,G5030,39973,0,162
250250105001.00,25,Block Group 1,25,105001,10500,42.345479,S,-71.0855761,1,G5030,118870,6725,163
250250105002.00,25,Block Group 2,25,105002,10500,42.3438116,S,-71.082942,2,G5030,39066,0,164
250250106001.00,25,Block Group 1,25,106001,10600,42.3463049,S,-71.0789397,1,G5030,89293,0,165
250250924002.00,25,Block Group 2,25,924002,92400,42.2948437,S,-71.0831794,2,G5030,127727,0,166
250250922004.00,25,Block Group 4,25,922004,92200,42.2946828,S,-71.0693251,4,G5030,155380,0,167
250250923004.00,25,Block Group 4,25,923004,92300,42.2957884,S,-71.077318,4,G5030,60369,0,168
250250924001.00,25,Block Group 1,25,924001,92400,42.2942749,S,-71.0796479,1,G5030,85543,0,169
250251001007.00,25,Block Group 7,25,1001007,100100,42.2901367,S,-71.0812534,7,G5030,190740,0,170
250251003001.00,25,Block Group 1,25,1003001,100300,42.285181,S,-71.0790834,1,G5030,175595,0,171
250251001006.00,25,Block Group 6,25,1001006,100100,42.292332,S,-71.0849498,6,G5030,281602,874,172
250251001004.00,25,Block Group 4,25,1001004,100100,42.2895845,S,-71.0908973,4,G5030,96673,0,173
250251001003.00,25,Block Group 3,25,1001003,100100,42.2879834,S,-71.0887172,3,G5030,129564,0,174
250251001005.00,25,Block Group 5,25,1001005,100100,42.2862563,S,-71.0921627,5,G5030,62362,0,175
250251002001.00,25,Block Group 1,25,1002001,100200,42.285934,S,-71.0831193,1,G5030,137720,0,176
250251002002.00,25,Block Group 2,25,1002002,100200,42.2827339,S,-71.0866758,2,G5030,80951,0,177
250251002003.00,25,Block Group 3,25,1002003,100200,42.2848846,S,-71.0878536,3,G5030,131970,0,178
250251003002.00,25,Block Group 2,25,1003002,100300,42.2811915,S,-71.0774299,2,G5030,105785,0,179
250251003003.00,25,Block Group 3,25,1003003,100300,42.2805247,S,-71.0804558,3,G5030,106136,0,180
250251003004.00,25,Block Group 4,25,1003004,100300,42.2827282,S,-71.082728,4,G5030,104361,0,181
250251004001.00,25,Block Group 1,25,1004001,100400,42.2840898,S,-71.0685011,1,G5030,140970,0,182
250251007002.00,25,Block Group 2,25,1007002,100700,42.280436,S,-71.0441224,2,G5030,602923,146231,183
250250004012.00,25,Block Group 2,25,4012,401,42.3437726,S,-71.1475395,2,G5030,107461,0,184
250251004002.00,25,Block Group 2,25,1004002,100400,42.2813767,S,-71.0679132,2,G5030,174064,0,185
250251004003.00,25,Block Group 3,25,1004003,100400,42.2791524,S,-71.0733721,3,G5030,128654,0,186
250251004004.00,25,Block Group 4,25,1004004,100400,42.2822554,S,-71.0736674,4,G5030,182562,0,187
250251005001.00,25,Block Group 1,25,1005001,100500,42.289903,S,-71.0643073,1,G5030,125028,0,188
250251005002.00,25,Block Group 2,25,1005002,100500,42.286857,S,-71.0679633,2,G5030,187194,0,189
250251005003.00,25,Block Group 3,25,1005003,100500,42.2899759,S,-71.0682214,3,G5030,135025,0,190
250251005004.00,25,Block Group 4,25,1005004,100500,42.2871787,S,-71.0756791,4,G5030,245048,0,191
250251005005.00,25,Block Group 5,25,1005005,100500,42.2886592,S,-71.0735178,5,G5030,165421,0,192
250251006013.00,25,Block Group 3,25,1006013,100601,42.2907309,S,-71.0581052,3,G5030,108564,0,193
250251007004.00,25,Block Group 4,25,1007004,100700,42.2847254,S,-71.0534436,4,G5030,134430,0,194
250251007005.00,25,Block Group 5,25,1007005,100700,42.281422,S,-71.0558344,5,G5030,121300,0,195
250251008001.00,25,Block Group 1,25,1008001,100800,42.2869209,S,-71.0609821,1,G5030,121560,0,196
250250002011.00,25,Block Group 1,25,2011,201,42.3566868,S,-71.1583016,1,G5030,240994,0,197
250250002012.00,25,Block Group 2,25,2012,201,42.3539575,S,-71.1609695,2,G5030,97531,0,198
250250002013.00,25,Block Group 3,25,2013,201,42.3521339,S,-71.1649809,3,G5030,175302,0,199
250250201013.00,25,Block Group 3,25,201013,20101,42.3578601,S,-71.0671896,3,G5030,71201,0,200
250250201011.00,25,Block Group 1,25,201011,20101,42.3568011,S,-71.070054,1,G5030,45229,0,201
250250202003.00,25,Block Group 3,25,202003,20200,42.3602838,S,-71.070465,3,G5030,49070,0,202
250251009001.00,25,Block Group 1,25,1009001,100900,42.2774522,S,-71.06913,1,G5030,166366,0,203
250251008004.00,25,Block Group 4,25,1008004,100800,42.2719183,S,-71.0593899,4,G5030,759043,172846,204
250251008005.00,25,Block Group 5,25,1008005,100800,42.276834,S,-71.063977,5,G5030,401128,0,205
250251008006.00,25,Block Group 6,25,1008006,100800,42.282864,S,-71.0630443,6,G5030,191319,0,206
250251009003.00,25,Block Group 3,25,1009003,100900,42.2760032,S,-71.0752474,3,G5030,242944,0,207
250251010016.00,25,Block Group 6,25,1010016,101001,42.2732562,S,-71.0983009,6,G5030,368308,0,208
250251009004.00,25,Block Group 4,25,1009004,100900,42.2709823,S,-71.0783975,4,G5030,407738,36272,209
250251010013.00,25,Block Group 3,25,1010013,101001,42.2658644,S,-71.0968566,3,G5030,138926,3948,210
250251010014.00,25,Block Group 4,25,1010014,101001,42.2689983,S,-71.0968346,4,G5030,195263,0,211
250251010012.00,25,Block Group 2,25,1010012,101001,42.2735389,S,-71.1045689,2,G5030,205591,0,212
250250004011.00,25,Block Group 1,25,4011,401,42.3430754,S,-71.1452014,1,G5030,54141,0,213
250250002022.00,25,Block Group 2,25,2022,202,42.3530967,S,-71.156904,2,G5030,123038,0,214
250250002023.00,25,Block Group 3,25,2023,202,42.3532363,S,-71.1520856,3,G5030,347313,0,215
250251402023.00,25,Block Group 3,25,1402023,140202,42.2545263,S,-71.1133651,3,G5030,341882,10961,216
250250003012.00,25,Block Group 2,25,3012,301,42.3545938,S,-71.1697815,2,G5030,142614,0,217
250250003013.00,25,Block Group 3,25,3013,301,42.3523733,S,-71.1701145,3,G5030,80356,0,218
250250404011.00,25,Block Group 1,25,404011,40401,42.3775489,S,-71.0679622,1,G5030,121181,0,219
250250203021.00,25,Block Group 1,25,203021,20302,42.3593442,S,-71.0639956,1,G5030,76786,0,220
250250301002.00,25,Block Group 2,25,301002,30100,42.3664584,S,-71.0570515,2,G5030,32656,0,221
250250304001.00,25,Block Group 1,25,304001,30400,42.3639616,S,-71.0525981,1,G5030,21383,0,222
250250305001.00,25,Block Group 1,25,305001,30500,42.3675671,S,-71.0515811,1,G5030,137334,294934,223
250250305002.00,25,Block Group 2,25,305002,30500,42.3651533,S,-71.0520248,2,G5030,32464,0,224
250251010021.00,25,Block Group 1,25,1010021,101002,42.2759023,S,-71.0799263,1,G5030,192896,0,225
250251010022.00,25,Block Group 2,25,1010022,101002,42.2741598,S,-71.084906,2,G5030,545136,0,226
250251010023.00,25,Block Group 3,25,1010023,101002,42.2745082,S,-71.0894017,3,G5030,426898,4637,227
250251011012.00,25,Block Group 2,25,1011012,101101,42.2816719,S,-71.096262,2,G5030,169601,0,228
250251011013.00,25,Block Group 3,25,1011013,101101,42.2881237,S,-71.0965212,3,G5030,275899,0,229
250251011021.00,25,Block Group 1,25,1011021,101102,42.2824617,S,-71.0897987,1,G5030,83070,0,230
250251011022.00,25,Block Group 2,25,1011022,101102,42.2795081,S,-71.0913701,2,G5030,160976,0,231
250251011023.00,25,Block Group 3,25,1011023,101102,42.2774499,S,-71.0901159,3,G5030,164614,0,232
250251011024.00,25,Block Group 4,25,1011024,101102,42.2774994,S,-71.0960673,4,G5030,152532,0,233
250259811003.00,25,Block Group 3,25,9811003,981100,42.2881698,S,-71.1019239,3,G5030,570555,1953,234
250250401001.00,25,Block Group 1,25,401001,40100,42.3717784,S,-71.0594266,1,G5030,143327,62166,235
250250401002.00,25,Block Group 2,25,401002,40100,42.3738223,S,-71.0619241,2,G5030,120784,0,236
250250402001.00,25,Block Group 1,25,402001,40200,42.3778748,S,-71.0549345,1,G5030,55212,0,237
250250402002.00,25,Block Group 2,25,402002,40200,42.3762829,S,-71.0579537,2,G5030,86084,0,238
250250403002.00,25,Block Group 2,25,403002,40300,42.3771092,S,-71.0623805,2,G5030,82247,0,239
250250403004.00,25,Block Group 4,25,403004,40300,42.3805057,S,-71.0639264,4,G5030,40880,0,240
250250406002.00,25,Block Group 2,25,406002,40600,42.3814107,S,-71.0678069,2,G5030,171706,0,241
250251105013.00,25,Block Group 3,25,1105013,110501,42.2845369,S,-71.1448196,3,G5030,162039,0,242
250250101042.00,25,Block Group 2,25,101042,10104,42.3501821,S,-71.0939206,2,G5030,82850,1436,243
250259811001.00,25,Block Group 1,25,9811001,981100,42.2809575,S,-71.1081406,1,G5030,693387,6219,244
250251103012.00,25,Block Group 2,25,1103012,110301,42.288754,S,-71.1141806,2,G5030,400856,0,245
250251104011.00,25,Block Group 1,25,1104011,110401,42.2888939,S,-71.122147,1,G5030,214231,0,246
250251104033.00,25,Block Group 3,25,1104033,110403,42.2750974,S,-71.1243676,3,G5030,160789,0,247
250251104032.00,25,Block Group 2,25,1104032,110403,42.2810783,S,-71.125624,2,G5030,201471,0,248
250251303001.00,25,Block Group 1,25,1303001,130300,42.2794156,S,-71.146616,1,G5030,305119,0,249
250250506001.00,25,Block Group 1,25,506001,50600,42.3728581,S,-71.0372075,1,G5030,88922,0,250
250250408011.00,25,Block Group 1,25,408011,40801,42.378318,S,-71.0577361,1,G5030,59654,0,251
250250501011.00,25,Block Group 1,25,501011,50101,42.3815757,S,-71.0363396,1,G5030,110372,0,252
250250501013.00,25,Block Group 3,25,501013,50101,42.3798201,S,-71.036239,3,G5030,75212,0,253
250250502003.00,25,Block Group 3,25,502003,50200,42.3785549,S,-71.0321677,3,G5030,29731,0,254
250250503001.00,25,Block Group 1,25,503001,50300,42.3738859,S,-71.0427784,1,G5030,230251,271366,255
250250503002.00,25,Block Group 2,25,503002,50300,42.3707058,S,-71.042089,2,G5030,38726,0,256
250250504001.00,25,Block Group 1,25,504001,50400,42.3695655,S,-71.0394664,1,G5030,38658,0,257
250250504002.00,25,Block Group 2,25,504002,50400,42.3676604,S,-71.0372538,2,G5030,93323,0,258
250250507001.00,25,Block Group 1,25,507001,50700,42.3744344,S,-71.0355833,1,G5030,86843,0,259
250250507002.00,25,Block Group 2,25,507002,50700,42.3763704,S,-71.0338183,2,G5030,62351,0,260
250250510001.00,25,Block Group 1,25,510001,51000,42.3823328,S,-71.0160144,1,G5030,334999,0,261
250250507003.00,25,Block Group 3,25,507003,50700,42.3755381,S,-71.0312105,3,G5030,118741,0,262
250250509012.00,25,Block Group 2,25,509012,50901,42.3800883,S,-71.0308992,2,G5030,87280,0,263
250250509011.00,25,Block Group 1,25,509011,50901,42.3802737,S,-71.0255824,1,G5030,203112,0,264
250251105012.00,25,Block Group 2,25,1105012,110501,42.280154,S,-71.1407878,2,G5030,331790,0,265
250251105022.00,25,Block Group 2,25,1105022,110502,42.2818632,S,-71.1309263,2,G5030,312442,0,266
250251105023.00,25,Block Group 3,25,1105023,110502,42.2820293,S,-71.1359268,3,G5030,148642,0,267
250251106011.00,25,Block Group 1,25,1106011,110601,42.2982511,S,-71.1399775,1,G5030,1103961,8282,268
250251106012.00,25,Block Group 2,25,1106012,110601,42.291445,S,-71.1428917,2,G5030,302517,0,269
250251106074.00,25,Block Group 4,25,1106074,110607,42.2941507,S,-71.1327901,4,G5030,290444,0,270
250251106072.00,25,Block Group 2,25,1106072,110607,42.2879227,S,-71.1411366,2,G5030,315147,0,271
250251201042.00,25,Block Group 2,25,1201042,120104,42.3030494,S,-71.1168755,2,G5030,302520,0,272
250250911003.00,25,Block Group 3,25,911003,91100,42.3148552,S,-71.0557563,3,G5030,76684,0,273
250251105011.00,25,Block Group 1,25,1105011,110501,42.2839884,S,-71.1393253,1,G5030,154008,0,274
250250403005.00,25,Block Group 5,25,403005,40300,42.3791131,S,-71.0667001,5,G5030,57668,0,275
250250922003.00,25,Block Group 3,25,922003,92200,42.2922815,S,-71.0685737,3,G5030,124885,0,276
250250002014.00,25,Block Group 4,25,2014,201,42.3507536,S,-71.1616549,4,G5030,85400,0,277
250251007003.00,25,Block Group 3,25,1007003,100700,42.2832067,S,-71.0496946,3,G5030,186092,0,278
250250809001.00,25,Block Group 1,25,809001,80900,42.3345188,S,-71.1012435,1,G5030,40886,0,279
250250101032.00,25,Block Group 2,25,101032,10103,42.3499255,S,-71.0989491,2,G5030,41728,0,280
250250108021.00,25,Block Group 1,25,108021,10802,42.3515651,S,-71.0853117,1,G5030,60097,0,281
250250305003.00,25,Block Group 3,25,305003,30500,42.3666791,S,-71.0526922,3,G5030,21432,0,282
250250917002.00,25,Block Group 2,25,917002,91700,42.3047084,S,-71.0668064,2,G5030,78459,0,283
250250106002.00,25,Block Group 2,25,106002,10600,42.3474763,S,-71.0820329,2,G5030,148321,0,284
250250821002.00,25,Block Group 2,25,821002,82100,42.3074084,S,-71.0863907,2,G5030,101804,0,285
250259812021.00,25,Block Group 1,25,9812021,981202,42.3397113,S,-71.0332706,1,G5030,465352,0,286
250250817003.00,25,Block Group 3,25,817003,81700,42.3207123,S,-71.0887774,3,G5030,179944,0,287
250251403002.00,25,Block Group 2,25,1403002,140300,42.2594605,S,-71.1223048,2,G5030,247622,0,288
250250605013.00,25,Block Group 3,25,605013,60501,42.3369024,S,-71.0417058,3,G5030,85086,0,289
250250006013.00,25,Block Group 3,25,6013,601,42.3526486,S,-71.1474681,3,G5030,84833,0,290
250251006012.00,25,Block Group 2,25,1006012,100601,42.2910041,S,-71.0549852,2,G5030,148937,0,291
250250821001.00,25,Block Group 1,25,821001,82100,42.3096181,S,-71.0849236,1,G5030,97929,0,292
250250510003.00,25,Block Group 3,25,510003,51000,42.3842072,S,-71.0189398,3,G5030,131362,0,293
250251105021.00,25,Block Group 1,25,1105021,110502,42.2849835,S,-71.1327427,1,G5030,223216,0,294
250251403004.00,25,Block Group 4,25,1403004,140300,42.2663373,S,-71.1146083,4,G5030,179291,0,295
250250602001.00,25,Block Group 1,25,602001,60200,42.334501,S,-71.0317485,1,G5030,68648,0,296
250250007043.00,25,Block Group 3,25,7043,704,42.3489037,S,-71.1320756,3,G5030,39100,0,297
250250403003.00,25,Block Group 3,25,403003,40300,42.3789261,S,-71.0634074,3,G5030,49457,0,298
250250502001.00,25,Block Group 1,25,502001,50200,42.3781552,S,-71.0374065,1,G5030,96798,0,299
250250917001.00,25,Block Group 1,25,917001,91700,42.3032311,S,-71.0643237,1,G5030,156233,0,300
250250819001.00,25,Block Group 1,25,819001,81900,42.3177656,S,-71.086616,1,G5030,150395,0,301
250251205003.00,25,Block Group 3,25,1205003,120500,42.3217607,S,-71.1035172,3,G5030,53267,0,302
250250911001.00,25,Block Group 1,25,911001,91100,42.3176178,S,-71.0541269,1,G5030,108200,0,303
250250602002.00,25,Block Group 2,25,602002,60200,42.3312475,S,-71.0333083,2,G5030,101737,0,304
250250108011.00,25,Block Group 1,25,108011,10801,42.3550209,S,-71.0737012,1,G5030,32886,0,305
250250403001.00,25,Block Group 1,25,403001,40300,42.3793508,S,-71.0607435,1,G5030,49354,0,306
250251006011.00,25,Block Group 1,25,1006011,100601,42.29172,S,-71.0517464,1,G5030,155969,0,307
250250923003.00,25,Block Group 3,25,923003,92300,42.2929689,S,-71.076444,3,G5030,96991,0,308
250250604002.00,25,Block Group 2,25,604002,60400,42.332225,S,-71.0393789,2,G5030,62546,0,309
250250101031.00,25,Block Group 1,25,101031,10103,42.348823,S,-71.1023534,1,G5030,101364,0,310
250251104034.00,25,Block Group 4,25,1104034,110403,42.2785797,S,-71.1288922,4,G5030,206593,0,311
250250706002.00,25,Block Group 2,25,706002,70600,42.3424977,S,-71.0769162,2,G5030,67773,0,312
250251001002.00,25,Block Group 2,25,1001002,100100,42.2880583,S,-71.0848029,2,G5030,80648,0,313
250250919002.00,25,Block Group 2,25,919002,91900,42.3013317,S,-71.0744328,2,G5030,99936,0,314
250250805001.00,25,Block Group 1,25,805001,80500,42.3352202,S,-71.0845321,1,G5030,104124,0,315
250250805002.00,25,Block Group 2,25,805002,80500,42.3360296,S,-71.0810029,2,G5030,139952,0,316
250250812002.00,25,Block Group 2,25,812002,81200,42.3244979,S,-71.1006109,2,G5030,77110,0,317
250250817005.00,25,Block Group 5,25,817005,81700,42.3264164,S,-71.0854222,5,G5030,154757,0,318
250251203013.00,25,Block Group 3,25,1203013,120301,42.3095872,S,-71.1010649,3,G5030,199579,0,319
250250603013.00,25,Block Group 3,25,603013,60301,42.3347456,S,-71.0374276,3,G5030,127127,0,320
250250906002.00,25,Block Group 2,25,906002,90600,42.3235638,S,-71.0705276,2,G5030,185325,0,321
250250601011.00,25,Block Group 1,25,601011,60101,42.3370229,S,-71.0271869,1,G5030,96144,0,322
250250712011.00,25,Block Group 1,25,712011,71201,42.3419193,S,-71.0674493,1,G5030,64997,0,323
250250605011.00,25,Block Group 1,25,605011,60501,42.3367113,S,-71.0356236,1,G5030,78181,0,324
250250806012.00,25,Block Group 2,25,806012,80601,42.3322457,S,-71.0889287,2,G5030,214839,0,325
250250605014.00,25,Block Group 4,25,605014,60501,42.337063,S,-71.0317713,4,G5030,110154,0,326
250250924005.00,25,Block Group 5,25,924005,92400,42.2965588,S,-71.0873677,5,G5030,70844,0,327
250251401021.00,25,Block Group 1,25,1401021,140102,42.2509975,S,-71.1332903,1,G5030,204084,0,328
250250601014.00,25,Block Group 4,25,601014,60101,42.3324142,S,-71.0290053,4,G5030,72390,0,329
250250603012.00,25,Block Group 2,25,603012,60301,42.330833,S,-71.0362514,2,G5030,53482,0,330
250250104033.00,25,Block Group 3,25,104033,10403,42.3449511,S,-71.0870534,3,G5030,26269,0,331
250250201012.00,25,Block Group 2,25,201012,20101,42.3574613,S,-71.0719398,2,G5030,57471,0,332
250250601012.00,25,Block Group 2,25,601012,60101,42.3336441,S,-71.0281344,2,G5030,46927,0,333
250250512001.00,25,Block Group 1,25,512001,51200,42.3635386,S,-71.0329491,1,G5030,233923,493577,334
250259818001.00,25,Block Group 1,25,9818001,981800,42.3231248,S,-71.1169865,1,G5030,714839,371484,335
250259812011.00,25,Block Group 1,25,9812011,981201,42.3289903,S,-71.0346023,1,G5030,799562,1327740,336
250250505002.00,25,Block Group 2,25,505002,50500,42.3716687,S,-71.0302094,2,G5030,137017,0,337
250250004013.00,25,Block Group 3,25,4013,401,42.3458488,S,-71.1494913,3,G5030,116847,0,338
250250004014.00,25,Block Group 4,25,4014,401,42.3426472,S,-71.1518274,4,G5030,152593,0,339
250250004021.00,25,Block Group 1,25,4021,402,42.3420229,S,-71.1566343,1,G5030,162121,0,340
250250004022.00,25,Block Group 2,25,4022,402,42.3433039,S,-71.161486,2,G5030,383016,0,341
250250004023.00,25,Block Group 3,25,4023,402,42.3467811,S,-71.1562985,3,G5030,261633,0,342
250250005032.00,25,Block Group 2,25,5032,503,42.3386691,S,-71.1511239,2,G5030,75711,0,343
250250510002.00,25,Block Group 2,25,510002,51000,42.3905217,S,-71.0151938,2,G5030,576859,210157,344
250250512002.00,25,Block Group 2,25,512002,51200,42.3663547,S,-71.0321512,2,G5030,121750,0,345
250250512003.00,25,Block Group 3,25,512003,51200,42.3653334,S,-71.0338717,3,G5030,73739,0,346
250250601013.00,25,Block Group 3,25,601013,60101,42.3348243,S,-71.0277312,3,G5030,80162,0,347
250250603011.00,25,Block Group 1,25,603011,60301,42.333231,S,-71.036691,1,G5030,91910,0,348
250250604003.00,25,Block Group 3,25,604003,60400,42.3307905,S,-71.040141,3,G5030,80520,0,349
250250604004.00,25,Block Group 4,25,604004,60400,42.3312763,S,-71.0451821,4,G5030,86647,0,350
250250604005.00,25,Block Group 5,25,604005,60400,42.3337719,S,-71.0457428,5,G5030,87063,0,351
250250006011.00,25,Block Group 1,25,6011,601,42.352968,S,-71.1427061,1,G5030,144820,0,352
250251201051.00,25,Block Group 1,25,1201051,120105,42.3052628,S,-71.1322017,1,G5030,785189,2315,353
250251202012.00,25,Block Group 2,25,1202012,120201,42.306865,S,-71.1058089,2,G5030,324751,0,354
250251203011.00,25,Block Group 1,25,1203011,120301,42.3164418,S,-71.1014314,1,G5030,141686,0,355
250250005021.00,25,Block Group 1,25,5021,502,42.3346466,S,-71.1521018,1,G5030,159470,0,356
250250005022.00,25,Block Group 2,25,5022,502,42.3315048,S,-71.1574973,2,G5030,350522,334529,357
250250005023.00,25,Block Group 3,25,5023,502,42.3396709,S,-71.1542089,3,G5030,87336,0,358
250250005024.00,25,Block Group 4,25,5024,502,42.3362872,S,-71.1661546,4,G5030,250376,0,359
250250006014.00,25,Block Group 4,25,6014,601,42.3547013,S,-71.1472831,4,G5030,88403,0,360
250250607001.00,25,Block Group 1,25,607001,60700,42.338959,S,-71.0535654,1,G5030,89011,0,361
250250007014.00,25,Block Group 4,25,7014,701,42.3481081,S,-71.1364283,4,G5030,65452,0,362
250250007031.00,25,Block Group 1,25,7031,703,42.3507029,S,-71.1271446,1,G5030,72956,0,363
250250605015.00,25,Block Group 5,25,605015,60501,42.337109,S,-71.0453496,5,G5030,74540,0,364
250250607002.00,25,Block Group 2,25,607002,60700,42.3375293,S,-71.0546728,2,G5030,39216,0,365
250250608001.00,25,Block Group 1,25,608001,60800,42.3351348,S,-71.0483041,1,G5030,65318,0,366
250250608002.00,25,Block Group 2,25,608002,60800,42.3346617,S,-71.051173,2,G5030,63565,0,367
250250610001.00,25,Block Group 1,25,610001,61000,42.3327461,S,-71.0487224,1,G5030,65215,0,368
250250610002.00,25,Block Group 2,25,610002,61000,42.3313506,S,-71.0498369,2,G5030,50911,0,369
250251205001.00,25,Block Group 1,25,1205001,120500,42.3196403,S,-71.103523,1,G5030,96805,0,370
250250610003.00,25,Block Group 3,25,610003,61000,42.3306112,S,-71.0518471,3,G5030,43452,0,371
250250611012.00,25,Block Group 2,25,611012,61101,42.3255967,S,-71.0540446,2,G5030,115604,0,372
250251204001.00,25,Block Group 1,25,1204001,120400,42.3138351,S,-71.1072474,1,G5030,164211,0,373
250251204002.00,25,Block Group 2,25,1204002,120400,42.3097321,S,-71.1101655,2,G5030,144763,0,374
250251204003.00,25,Block Group 3,25,1204003,120400,42.3094092,S,-71.1133069,3,G5030,188297,0,375
250251204004.00,25,Block Group 4,25,1204004,120400,42.314868,S,-71.1115558,4,G5030,251383,0,376
250251204005.00,25,Block Group 5,25,1204005,120400,42.3187767,S,-71.1142908,5,G5030,251192,0,377
250251205002.00,25,Block Group 2,25,1205002,120500,42.3212855,S,-71.1058096,2,G5030,63634,0,378
250251207001.00,25,Block Group 1,25,1207001,120700,42.3250732,S,-71.109718,1,G5030,228192,0,379
250251206001.00,25,Block Group 1,25,1206001,120600,42.3205296,S,-71.1078832,1,G5030,91790,0,380
250251206002.00,25,Block Group 2,25,1206002,120600,42.3190139,S,-71.1087877,2,G5030,78226,0,381
250251206003.00,25,Block Group 3,25,1206003,120600,42.3176733,S,-71.1098831,3,G5030,87279,0,382
250250007032.00,25,Block Group 2,25,7032,703,42.3517628,S,-71.1289628,2,G5030,105045,0,383
250250007042.00,25,Block Group 2,25,7042,704,42.347237,S,-71.1344075,2,G5030,42459,0,384
250250007044.00,25,Block Group 4,25,7044,704,42.3496588,S,-71.1332243,4,G5030,48433,0,385
250250007041.00,25,Block Group 1,25,7041,704,42.3513857,S,-71.1339732,1,G5030,109787,0,386
250251303004.00,25,Block Group 4,25,1303004,130300,42.2733372,S,-71.1475367,4,G5030,240615,0,387
250251403003.00,25,Block Group 3,25,1403003,140300,42.252019,S,-71.1244803,3,G5030,396258,22406,388
250250706001.00,25,Block Group 1,25,706001,70600,42.3440477,S,-71.0738024,1,G5030,65263,0,389
250250707001.00,25,Block Group 1,25,707001,70700,42.3470716,S,-71.0751483,1,G5030,87661,0,390
250251207002.00,25,Block Group 2,25,1207002,120700,42.322236,S,-71.1145334,2,G5030,82406,0,391
250251302001.00,25,Block Group 1,25,1302001,130200,42.2902204,S,-71.1491374,1,G5030,197883,0,392
250251302003.00,25,Block Group 3,25,1302003,130200,42.2882552,S,-71.1570262,3,G5030,511125,0,393
250251302004.00,25,Block Group 4,25,1302004,130200,42.2849451,S,-71.1600751,4,G5030,257085,0,394
250251303002.00,25,Block Group 2,25,1303002,130300,42.2833882,S,-71.1512024,2,G5030,365075,0,395
250250707002.00,25,Block Group 2,25,707002,70700,42.3444939,S,-71.0773217,2,G5030,75036,0,396
250250711012.00,25,Block Group 2,25,711012,71101,42.3343629,S,-71.0755829,2,G5030,56581,0,397
250250712012.00,25,Block Group 2,25,712012,71201,42.33946,S,-71.0657261,2,G5030,228996,0,398
250250801001.00,25,Block Group 1,25,801001,80100,42.3297575,S,-71.0699046,1,G5030,936208,0,399
250250801002.00,25,Block Group 2,25,801002,80100,42.324919,S,-71.0769975,2,G5030,90456,0,400
250250804012.00,25,Block Group 2,25,804012,80401,42.3327277,S,-71.0841251,2,G5030,145712,0,401
250250806011.00,25,Block Group 1,25,806011,80601,42.3364042,S,-71.0878188,1,G5030,231253,0,402
250251303003.00,25,Block Group 3,25,1303003,130300,42.2790788,S,-71.1530258,3,G5030,328016,0,403
250251304041.00,25,Block Group 1,25,1304041,130404,42.2703606,S,-71.1524973,1,G5030,1192859,35273,404
250251303005.00,25,Block Group 5,25,1303005,130300,42.2779931,S,-71.1559926,5,G5030,203639,0,405
250251304062.00,25,Block Group 2,25,1304062,130406,42.2617617,S,-71.1513818,2,G5030,650881,0,406
250251304042.00,25,Block Group 2,25,1304042,130404,42.2627582,S,-71.1607461,2,G5030,408681,0,407
250259813001.00,25,Block Group 1,25,9813001,981300,42.3615186,S,-71.0073933,1,G5030,6986630,2032636,408
250250806013.00,25,Block Group 3,25,806013,80601,42.329422,S,-71.0868515,3,G5030,115573,0,409
250250809003.00,25,Block Group 3,25,809003,80900,42.3327698,S,-71.1035101,3,G5030,106856,0,410
250250810011.00,25,Block Group 1,25,810011,81001,42.3301557,S,-71.1038702,1,G5030,83483,0,411
250250810013.00,25,Block Group 3,25,810013,81001,42.3337173,S,-71.1075951,3,G5030,26907,0,412
250251304024.00,25,Block Group 4,25,1304024,130402,42.2743961,S,-71.1701981,4,G5030,918596,32105,413
250251401022.00,25,Block Group 2,25,1401022,140102,42.2440702,S,-71.1330053,2,G5030,565691,42112,414
250251401023.00,25,Block Group 3,25,1401023,140102,42.2388809,S,-71.1397799,3,G5030,513541,0,415
250250819002.00,25,Block Group 2,25,819002,81900,42.3161025,S,-71.0896021,2,G5030,79141,0,416
250250815001.00,25,Block Group 1,25,815001,81500,42.3235356,S,-71.0922882,1,G5030,155962,0,417
250250815002.00,25,Block Group 2,25,815002,81500,42.3182822,S,-71.0934554,2,G5030,180331,0,418
250250817001.00,25,Block Group 1,25,817001,81700,42.3233336,S,-71.0833827,1,G5030,78820,0,419
250250817002.00,25,Block Group 2,25,817002,81700,42.3201187,S,-71.0837734,2,G5030,124299,0,420
250250817004.00,25,Block Group 4,25,817004,81700,42.323251,S,-71.0869793,4,G5030,96055,0,421
250250818001.00,25,Block Group 1,25,818001,81800,42.3233736,S,-71.0807399,1,G5030,130517,0,422
250250818002.00,25,Block Group 2,25,818002,81800,42.3206133,S,-71.0790856,2,G5030,106704,0,423
250250819003.00,25,Block Group 3,25,819003,81900,42.3146951,S,-71.0913601,3,G5030,102649,0,424
250250819004.00,25,Block Group 4,25,819004,81900,42.3123674,S,-71.0924702,4,G5030,101196,0,425
250250608003.00,25,Block Group 3,25,608003,60800,42.3371493,S,-71.0500757,3,G5030,65246,0,426
250251401024.00,25,Block Group 4,25,1401024,140102,42.2500418,S,-71.1416934,4,G5030,804333,33348,427
250251401072.00,25,Block Group 2,25,1401072,140107,42.2536923,S,-71.1304186,2,G5030,134727,0,428
250251402011.00,25,Block Group 1,25,1402011,140201,42.2429753,S,-71.1268006,1,G5030,557671,47022,429
250251402012.00,25,Block Group 2,25,1402012,140201,42.2338304,S,-71.1317987,2,G5030,764665,52743,430
250250202002.00,25,Block Group 2,25,202002,20200,42.3602176,S,-71.0677767,2,G5030,29678,0,431
250250502004.00,25,Block Group 4,25,502004,50200,42.3778777,S,-71.0313282,4,G5030,43293,0,432
250250505001.00,25,Block Group 1,25,505001,50500,42.370038,S,-71.0336634,1,G5030,135225,0,433
250250903002.00,25,Block Group 2,25,903002,90300,42.3098921,S,-71.077739,2,G5030,162906,0,434
250250923002.00,25,Block Group 2,25,923002,92300,42.2920679,S,-71.0730507,2,G5030,78411,0,435
250250902001.00,25,Block Group 1,25,902001,90200,42.30611,S,-71.0766991,1,G5030,72044,0,436
250251006014.00,25,Block Group 4,25,1006014,100601,42.2897988,S,-71.0613219,4,G5030,139116,0,437
250250820001.00,25,Block Group 1,25,820001,82000,42.313456,S,-71.0817144,1,G5030,164289,0,438
250250820002.00,25,Block Group 2,25,820002,82000,42.3126934,S,-71.0857453,2,G5030,114886,0,439
250250820003.00,25,Block Group 3,25,820003,82000,42.3152446,S,-71.0853695,3,G5030,112981,0,440
250250901001.00,25,Block Group 1,25,901001,90100,42.3056046,S,-71.0832007,1,G5030,109636,0,441
250250901002.00,25,Block Group 2,25,901002,90100,42.303793,S,-71.0806631,2,G5030,69095,0,442
250250901003.00,25,Block Group 3,25,901003,90100,42.3022349,S,-71.0837484,3,G5030,88985,0,443
250250901004.00,25,Block Group 4,25,901004,90100,42.3006819,S,-71.0808396,4,G5030,105076,0,444
250250901005.00,25,Block Group 5,25,901005,90100,42.2988518,S,-71.0811347,5,G5030,74172,0,445
250250902002.00,25,Block Group 2,25,902002,90200,42.3064988,S,-71.0804839,2,G5030,84746,0,446
250250903001.00,25,Block Group 1,25,903001,90300,42.3110125,S,-71.0744114,1,G5030,134435,0,447
250250903003.00,25,Block Group 3,25,903003,90300,42.3128625,S,-71.0774734,3,G5030,83053,0,448
250250904001.00,25,Block Group 1,25,904001,90400,42.3163785,S,-71.0746841,1,G5030,108218,0,449
250251402024.00,25,Block Group 4,25,1402024,140202,42.2482282,S,-71.1177336,4,G5030,405524,6159,450
250250904002.00,25,Block Group 2,25,904002,90400,42.3149589,S,-71.0760566,2,G5030,134383,0,451
250250904003.00,25,Block Group 3,25,904003,90400,42.318678,S,-71.073243,3,G5030,108018,0,452
250251402025.00,25,Block Group 5,25,1402025,140202,42.2502819,S,-71.1121845,5,G5030,287688,0,453
250251402022.00,25,Block Group 2,25,1402022,140202,42.2432103,S,-71.121795,2,G5030,265354,0,454
250250911002.00,25,Block Group 2,25,911002,91100,42.3139412,S,-71.053603,2,G5030,99679,0,455
250251403006.00,25,Block Group 6,25,1403006,140300,42.2632165,S,-71.1131174,6,G5030,277147,0,456
250251403005.00,25,Block Group 5,25,1403005,140300,42.260168,S,-71.114763,5,G5030,243125,7028,457
250251403001.00,25,Block Group 1,25,1403001,140300,42.2572832,S,-71.1176781,1,G5030,205436,9302,458
250251404001.00,25,Block Group 1,25,1404001,140400,42.2649046,S,-71.10172,1,G5030,74470,0,459
250251404002.00,25,Block Group 2,25,1404002,140400,42.2662212,S,-71.1046173,2,G5030,191022,0,460
250251104031.00,25,Block Group 1,25,1104031,110403,42.2794335,S,-71.1225025,1,G5030,158279,7697,461
250251302005.00,25,Block Group 5,25,1302005,130200,42.2835735,S,-71.163678,5,G5030,226624,0,462
250250904004.00,25,Block Group 4,25,904004,90400,42.3200838,S,-71.0744443,4,G5030,74520,0,463
250250906001.00,25,Block Group 1,25,906001,90600,42.3219991,S,-71.0750593,1,G5030,116340,0,464
250250907001.00,25,Block Group 1,25,907001,90700,42.3218229,S,-71.0548551,1,G5030,225571,0,465
250250907003.00,25,Block Group 3,25,907003,90700,42.3203438,S,-71.0589536,3,G5030,117677,0,466
250250907004.00,25,Block Group 4,25,907004,90700,42.3258033,S,-71.0623428,4,G5030,623384,0,467
250250909011.00,25,Block Group 1,25,909011,90901,42.3212167,S,-71.0461253,1,G5030,272610,56272,468
250250910012.00,25,Block Group 2,25,910012,91001,42.3078103,S,-71.0552131,2,G5030,347749,0,469
250251404003.00,25,Block Group 3,25,1404003,140400,42.2616786,S,-71.1033245,3,G5030,239328,11680,470
250251404004.00,25,Block Group 4,25,1404004,140400,42.2657754,S,-71.1087087,4,G5030,150305,0,471
250251404005.00,25,Block Group 5,25,1404005,140400,42.2702138,S,-71.1078263,5,G5030,270017,0,472
250251404006.00,25,Block Group 6,25,1404006,140400,42.2720454,S,-71.1148547,6,G5030,694806,0,473
250251404007.00,25,Block Group 7,25,1404007,140400,42.2737843,S,-71.1205454,7,G5030,254564,0,474
250251101051.00,25,Block Group 1,25,1101051,110105,42.2988673,S,-71.1114074,1,G5030,348074,0,475
250250102052.00,25,Block Group 2,25,102052,10205,42.3418556,S,-71.0999861,2,G5030,40462,0,476
250250102051.00,25,Block Group 1,25,102051,10205,42.3423607,S,-71.0980561,1,G5030,45373,0,477
250250612031.00,25,Block Group 1,25,612031,61203,42.3416085,S,-71.0566283,1,G5030,352712,13894,478
250250303021.00,25,Block Group 1,25,303021,30302,42.3601404,S,-71.0577232,1,G5030,477388,0,479
250250001022.00,25,Block Group 2,25,1022,102,42.359035,S,-71.1446229,2,G5030,896291,0,480
250250701031.00,25,Block Group 1,25,701031,70103,42.3478532,S,-71.0598082,1,G5030,107596,0,481
250250702011.00,25,Block Group 1,25,702011,70201,42.34804,S,-71.065862,1,G5030,33090,0,482
250250008063.00,25,Block Group 3,25,8063,806,42.3572615,S,-71.1224541,3,G5030,401867,0,483
250250302002.00,25,Block Group 2,25,302002,30200,42.3646968,S,-71.0574361,2,G5030,39370,0,484
250259812022.00,25,Block Group 2,25,9812022,981202,42.3470233,S,-71.025781,2,G5030,1231101,850180,485
250250612011.00,25,Block Group 1,25,612011,61201,42.3326075,S,-71.0576503,1,G5030,562013,0,486
250250203051.00,25,Block Group 1,25,203051,20305,42.3670321,S,-71.0639455,1,G5030,222368,71961,487
250250203041.00,25,Block Group 1,25,203041,20304,42.3652257,S,-71.0591678,1,G5030,39344,0,488
250251301016.00,25,Block Group 6,25,1301016,130101,42.2939213,S,-71.1555597,6,G5030,283147,0,489
250250005051.00,25,Block Group 1,25,5051,505,42.3446292,S,-71.141548,1,G5030,42554,0,490
250250005061.00,25,Block Group 1,25,5061,506,42.3414576,S,-71.1443236,1,G5030,100847,0,491
250250008061.00,25,Block Group 1,25,8061,806,42.3616977,S,-71.1221081,1,G5030,168342,0,492
250250102061.00,25,Block Group 1,25,102061,10206,42.3459717,S,-71.0965875,1,G5030,115852,0,493
250250104044.00,25,Block Group 4,25,104044,10404,42.3425275,S,-71.08743,4,G5030,37051,0,494
250250006042.00,25,Block Group 2,25,6042,604,42.350555,S,-71.1424306,2,G5030,122302,0,495
250251301011.00,25,Block Group 1,25,1301011,130101,42.2990354,S,-71.1625454,1,G5030,744672,2565,496
250251301012.00,25,Block Group 2,25,1301012,130101,42.2942023,S,-71.1708976,2,G5030,773849,0,497
250259811004.00,25,Block Group 4,25,9811004,981100,42.279469,S,-71.1030961,4,G5030,240843,0,498
250251301015.00,25,Block Group 5,25,1301015,130101,42.2823634,S,-71.1681031,5,G5030,414125,0,499
250250008062.00,25,Block Group 2,25,8062,806,42.3662375,S,-71.1262588,2,G5030,846974,0,500
250250303011.00,25,Block Group 1,25,303011,30301,42.3591948,S,-71.0496147,1,G5030,68023,113869,501
250250008071.00,25,Block Group 1,25,8071,807,42.3524656,S,-71.1168882,1,G5030,218594,0,502
250250811011.00,25,Block Group 1,25,811011,81101,42.3309352,S,-71.1123046,1,G5030,23526,0,503
250250005052.00,25,Block Group 2,25,5052,505,42.3414076,S,-71.1421482,2,G5030,47064,0,504
250250304004.00,25,Block Group 4,25,304004,30400,42.3624304,S,-71.0527755,4,G5030,60131,0,505
250250203042.00,25,Block Group 2,25,203042,20304,42.363614,S,-71.0616719,2,G5030,105710,0,506
250250703023.00,25,Block Group 3,25,703023,70302,42.3495376,S,-71.0708475,3,G5030,83261,0,507
250251304021.00,25,Block Group 1,25,1304021,130402,42.2701735,S,-71.1686414,1,G5030,426315,0,508
250250304003.00,25,Block Group 3,25,304003,30400,42.363538,S,-71.0549159,3,G5030,42564,0,509
250250813011.00,25,Block Group 1,25,813011,81301,42.3140397,S,-71.097376,1,G5030,50678,0,510
250250006041.00,25,Block Group 1,25,6041,604,42.351407,S,-71.1377995,1,G5030,164762,0,511
250250005053.00,25,Block Group 3,25,5053,505,42.3435862,S,-71.1398836,3,G5030,54768,0,512
250250106003.00,25,Block Group 3,25,106003,10600,42.3490532,S,-71.0758914,3,G5030,102064,0,513
250251301014.00,25,Block Group 4,25,1301014,130101,42.2876239,S,-71.1687164,4,G5030,188380,0,514
250250704022.00,25,Block Group 2,25,704022,70402,42.3460402,S,-71.0670194,2,G5030,125544,0,515
250250703011.00,25,Block Group 1,25,703011,70301,42.3468635,S,-71.0723866,1,G5030,67540,0,516
250259819001.00,25,Block Group 1,25,9819001,981900,42.2783928,S,-71.1790082,1,G5030,233864,106064,517
250250701022.00,25,Block Group 2,25,701022,70102,42.3541052,S,-71.0630355,2,G5030,26533,0,518
250250705012.00,25,Block Group 2,25,705012,70501,42.3424198,S,-71.0689194,2,G5030,67315,0,519
250250803002.00,25,Block Group 2,25,803002,80300,42.326772,S,-71.0802174,2,G5030,173479,0,520
250250811022.00,25,Block Group 2,25,811022,81102,42.3299826,S,-71.1096499,2,G5030,122289,0,521
250250001021.00,25,Block Group 1,25,1021,102,42.3593214,S,-71.1406663,1,G5030,171144,0,522
250250006031.00,25,Block Group 1,25,6031,603,42.3476014,S,-71.1449263,1,G5030,312487,0,523
250250703021.00,25,Block Group 1,25,703021,70302,42.3493394,S,-71.0679799,1,G5030,59739,0,524
250250702022.00,25,Block Group 2,25,702022,70202,42.3476335,S,-71.0629871,2,G5030,30940,0,525
250251304023.00,25,Block Group 3,25,1304023,130402,42.2644618,S,-71.1649863,3,G5030,290659,0,526
250250812003.00,25,Block Group 3,25,812003,81200,42.3248049,S,-71.1029674,3,G5030,75808,0,527
250250811021.00,25,Block Group 1,25,811021,81102,42.3282388,S,-71.1041438,1,G5030,254579,0,528
250250008051.00,25,Block Group 1,25,8051,805,42.3544611,S,-71.1281028,1,G5030,121953,0,529
250250813022.00,25,Block Group 2,25,813022,81302,42.3212419,S,-71.0967814,2,G5030,260181,0,530
250250702021.00,25,Block Group 1,25,702021,70202,42.3505754,S,-71.0617444,1,G5030,147602,0,531
250250008053.00,25,Block Group 3,25,8053,805,42.3534054,S,-71.1238623,3,G5030,138949,0,532
250250703012.00,25,Block Group 2,25,703012,70301,42.3458432,S,-71.0709666,2,G5030,75791,0,533
250250712014.00,25,Block Group 4,25,712014,71201,42.3398393,S,-71.0709151,4,G5030,52084,0,534
250250814001.00,25,Block Group 1,25,814001,81400,42.3294582,S,-71.092745,1,G5030,127954,0,535
250250102053.00,25,Block Group 3,25,102053,10205,42.3435846,S,-71.1010538,3,G5030,37558,0,536
250250102054.00,25,Block Group 4,25,102054,10205,42.3447377,S,-71.0991197,4,G5030,59380,0,537
250250711014.00,25,Block Group 4,25,711014,71101,42.3368655,S,-71.070816,4,G5030,82100,0,538
250251101062.00,25,Block Group 2,25,1101062,110106,42.2920692,S,-71.1155866,2,G5030,107376,0,539
250250705021.00,25,Block Group 1,25,705021,70502,42.3426422,S,-71.0718596,1,G5030,49330,0,540
250250304002.00,25,Block Group 2,25,304002,30400,42.3656343,S,-71.0542488,2,G5030,41092,0,541
250250701023.00,25,Block Group 3,25,701023,70102,42.3528136,S,-71.0635099,3,G5030,16574,0,542
250250008052.00,25,Block Group 2,25,8052,805,42.354211,S,-71.1327606,2,G5030,108977,0,543
250250814004.00,25,Block Group 4,25,814004,81400,42.3287318,S,-71.098042,4,G5030,91074,0,544
250250703022.00,25,Block Group 2,25,703022,70302,42.3513727,S,-71.0687663,2,G5030,50304,0,545
250250001011.00,25,Block Group 1,25,1011,101,42.3617729,S,-71.1330699,1,G5030,140302,0,546
250250812001.00,25,Block Group 1,25,812001,81200,42.3239912,S,-71.106348,1,G5030,116343,0,547
250250702012.00,25,Block Group 2,25,702012,70201,42.3505916,S,-71.0652322,2,G5030,110941,0,548
250250001012.00,25,Block Group 2,25,1012,101,42.3597321,S,-71.1330269,2,G5030,109622,0,549
250251304022.00,25,Block Group 2,25,1304022,130402,42.2713576,S,-71.1634609,2,G5030,228303,0,550
250250104041.00,25,Block Group 1,25,104041,10404,42.3407249,S,-71.0893249,1,G5030,34912,0,551
250250203052.00,25,Block Group 2,25,203052,20305,42.3632548,S,-71.0647775,2,G5030,75405,0,552
250250007012.00,25,Block Group 2,25,7012,701,42.3457801,S,-71.138095,2,G5030,55255,0,553
250250007011.00,25,Block Group 1,25,7011,701,42.3456477,S,-71.1363669,1,G5030,27862,0,554
250250705011.00,25,Block Group 1,25,705011,70501,42.3439713,S,-71.0694499,1,G5030,55548,0,555
250251011011.00,25,Block Group 1,25,1011011,101101,42.2824133,S,-71.094176,1,G5030,142066,0,556
250251101041.00,25,Block Group 1,25,1101041,110104,42.2920158,S,-71.1234146,1,G5030,127646,0,557
250250005062.00,25,Block Group 2,25,5062,506,42.33866,S,-71.1477063,2,G5030,88059,0,558
250250811012.00,25,Block Group 2,25,811012,81101,42.3260739,S,-71.1124878,2,G5030,94257,0,559
250250810012.00,25,Block Group 2,25,810012,81001,42.3323303,S,-71.1072327,2,G5030,85260,0,560
250251101061.00,25,Block Group 1,25,1101061,110106,42.2928466,S,-71.1175142,1,G5030,105288,0,561
250250814002.00,25,Block Group 2,25,814002,81400,42.326979,S,-71.0954993,2,G5030,226709,0,562
250250503003.00,25,Block Group 3,25,503003,50300,42.3682042,S,-71.04237,3,G5030,86355,92724,563
250259809001.00,25,Block Group 1,25,9809001,980900,42.2853953,S,-71.1801892,1,G5030,1677227,46975,564
250259811002.00,25,Block Group 2,25,9811002,981100,42.2950608,S,-71.1068898,2,G5030,994875,10918,565
250250008042.00,25,Block Group 2,25,8042,804,42.3604365,S,-71.1272731,2,G5030,319744,0,566
250250007013.00,25,Block Group 3,25,7013,701,42.3472795,S,-71.1397049,3,G5030,81871,0,567
250251101042.00,25,Block Group 2,25,1101042,110104,42.294466,S,-71.1190388,2,G5030,174293,0,568
250251301013.00,25,Block Group 3,25,1301013,130101,42.2909418,S,-71.1636268,3,G5030,264089,0,569
250250303012.00,25,Block Group 2,25,303012,30301,42.3620862,S,-71.0499429,2,G5030,86167,128536,570
250250104042.00,25,Block Group 2,25,104042,10404,42.3416538,S,-71.089532,2,G5030,38379,0,571
250250810015.00,25,Block Group 5,25,810015,81001,42.3367978,S,-71.1065321,5,G5030,275976,0,572
250250712013.00,25,Block Group 3,25,712013,71201,42.3387866,S,-71.0681176,3,G5030,66200,0,573
250250002021.00,25,Block Group 1,25,2021,202,42.3504745,S,-71.1579205,1,G5030,131285,0,574
250250813012.00,25,Block Group 2,25,813012,81301,42.319963,S,-71.0998783,2,G5030,184982,0,575
250250008041.00,25,Block Group 1,25,8041,804,42.3566137,S,-71.1349274,1,G5030,287852,0,576
250250813021.00,25,Block Group 1,25,813021,81302,42.3152096,S,-71.0958863,1,G5030,84500,0,577
250250701021.00,25,Block Group 1,25,701021,70102,42.3566235,S,-71.06111,1,G5030,95869,0,578
250250711013.00,25,Block Group 3,25,711013,71101,42.3380567,S,-71.0729569,3,G5030,57244,0,579
250250705022.00,25,Block Group 2,25,705022,70502,42.3404935,S,-71.074426,2,G5030,125087,0,580
250259815021.00,25,Block Group 1,25,9815021,981502,42.3958503,S,-71.0069705,1,G5030,1252194,27490,581